"user_id","last_name","first_name"
"20037","Tomescu","Timotei"
"20038","Stan","Rozalia"
"20039","Ardelean","Clarisa"
"20040","Nistor","Narcisa"
"20041","Georgescu","Alis"
"20042","Toma","Paula"
"20043","Dochioiu","Demetra"
"20044","Florea","Ivona"
"20045","Dinu","Aleodor"
"20046","Florea","Nicoleta"
"20047","Manole","Geanina"
"20048","Barbu","Petronela"
"20049","Dinu","Gabriela"
"20050","Stoica","Cristian"
"20051","Stancu","Irina"
"20052","Georgescu","Răducu"
"20053","Popa","Domnica"
"20054","Dumitrescu","Leopoldina"
"20055","Tudor","Iosefina"
"20056","Dumitrescu","Pătru"
"20057","Dumitrescu","Mitruț"
"20058","Barbu","Dariana"
"20059","Manole","Gregorian"
"20060","Cristea","Didina"
"20061","Gheorghiu","Stana"
"20062","Mocanu","Vicențiu"
"20063","Diaconu","Roberta"
"20064","Dima","Carina"
"20065","Tudor","Sandu"
"20066","Pop","Cornelia"
"20067","Florea","Iustina"
"20068","Mocanu","Vladimir"
"20069","Nistor","Anaida"
"20070","Ioniță","Mariana"
"20071","Pușcașu","Călin"
"20072","Tomescu","Octaviu"
"20073","Toma","Mădălin"
"20074","Georgescu","Robert"
"20075","Eftimie","Fabian"
"20076","Diaconu","Despina"
"20077","Niță","Tincuța"
"20078","Dobre","Pamela"
"20079","Ioniță","Casandra"
"20080","Pop","Edgar"
"20081","Diaconescu","Catinca"
"20082","Pușcașu","Victoria"
"20083","Stoica","Mitică"
"20084","Stoica","Jeana"
"20085","Eftimie","Claudiu"
"20086","Nistor","Miron"
"20087","Diaconu","Titus"
"20088","Ardelean","Edgar"
"20089","Tudor","Gabi"
"20090","Dima","Liliana"
"20091","Stoica","Clara"
"20092","Cristea","Elodia"
"20093","Nistor","Călin"
"20094","Stănescu","Marius"
"20095","Albu","Dochia"
"20096","Florea","Ilarion"
"20097","Voinea","Ofelia"
"20098","Ioniță","Vicenția"
"20099","Diaconescu","Iustina"
"20100","Cristea","Vera"
"20101","Ene","Clara"
"20102","Diaconu","Cipriana"
"20103","Voinea","Nichifor"
"20104","Gheorghiu","Petruța"
"20105","Pușcașu","Stancu"
"20106","Stănescu","Ionuț"
"20107","Dobre","Rodica"
"20108","Albu","Costin"
"20109","Ardelean","Amza"
"20110","Gheorghiu","Dumitra"
"20111","Marin","Letiția"
"20112","Dima","Gabriela"
"20113","Niță","Mihai"
"20114","Dochioiu","Andrada"
"20115","Dumitrescu","Timotei"
"20116","Popescu","Valentina"
"20117","Nistor","Sandu"
"20118","Aanei","Vanesa"
"20119","Pop","Antonia"
"20120","Dinu","Niculiță"
"20121","Manole","Gregorian"
"20122","Florea","Antim"
"20123","Preda","Caterina"
"20124","Stoica","Ionel"
"20125","Ionescu","Venera"
"20126","Marin","Fabia"
"20127","Oprea","Elodia"
"20128","Aanei","Carolina"
"20129","Marin","Crenguța"
"20130","Popa","Erica"
"20131","Tomescu","Salomea"
"20132","Dochioiu","Alexandrina"
"20133","Dima","Iridenta"
"20134","Tudor","Cedrin"
"20135","Stănescu","Demetra"
"20136","Tomescu","Iosefina"
