first_name,last_name
Axinte,Popescu
Ciprian,Nistor
Ducu,Tabacu
Raul,Nistor
Bebe,Ene
Gabriela,Popa
Bianca,Georgescu
Cipriana,Aanei
Jeana,Niță
Alexandru,Stoica
Sanda,Cristea
Valentin,Suciu
Ludovic,Dochioiu
Vicențiu,Stan
Gheorghe,Stancu
Xenia,Marin
Geanina,Stancu
Romina,Popescu
Mariana,Pușcașu
Svetlana,Ababei
Grigore,Stoica
Estera,Oprea
Romulus,Ene
Gregorian,Eftimie
Marius,Stoica
Alma,Diaconu
Angela,Ionescu
Teodosia,Pop
Anabela,Tudor
Augustin,Dochioiu
Clarisa,Albu
Cătălin,Eftimie
Cosmin,Ioniță
Paulina,Tabacu
Costache,Mazilescu
Alida,Popa
Ilinca,Ioniță
Pamela,Nemeș
Anca,Barbu
Eftimia,Georgescu
Iustinian,Popescu
Anabela,Dobre
Eliza,Preda
Casian,Barbu
Ianis,Ardelean
Arsenie,Niță
Frederic,Cristea
Mirela,Toma
Sebastian,Diaconescu
Alina,Ioniță
Narcis,Nistor
Georgian,Ioniță
Lucrețiu,Tomescu
Noemi,Suciu
Bebe,Preda
Lucreția,Ene
Evanghelina,Manole
George,Ene
Alis,Barbu
Robert,Ababei
Sergiu,Voinea
Astrid,Gheorghiu
Ludmila,Ene
Codruța,Ioniță
Anatolie,Dochioiu
Grigore,Eftimie
Draga,Dobre
Arsenie,Manole
Mihnea,Eftimie
Iulian,Nemeș
Marius,Nemeș
Raluca,Oprea
Daniela,Dinu
Tinca,Diaconu
Cristian,Ionescu
Antonia,Tomescu
Pleșu,Stoica
Cezara,Pop
Simion,Stan
Atena,Nistor
Miruna,Georgescu
Isabela,Niță
Flaviu,Toma
Larisa,Nemeș
Nechifor,Popa
Romina,Tudor
Aureliana,Toma
Petre,Barbu
Leontin,Barbu
Roza,Ardelean
Virginia,Toma
Sinică,Nistor
Tamara,Tomescu
Codrin,Albu
Roxelana,Albu
Dorinel,Ionescu
Alberta,Dima
Georgeta,Florea
Laurenția,Stan
Aurel,Albu
Aurel,Aanei
Iulian,Ionescu
Ariadna,Ioniță
Ieremia,Cristea
Marioara,Suciu
Narcis,Stan
Teona,Tudor
Grigore,Cristea
Iulian,Pop
Dominic,Tudor
Gregorian,Stan
Sânziana,Stănescu
Patricia,Suciu
Carmen,Diaconescu
Rebeca,Tudor
Vasilica,Florea
Artemisa,Stănescu
Arina,Oprea
Steliana,Nemeș
Violeta,Marin
Stana,Dima
Ghenadie,Stan
Jan,Nistor
Leana,Manole
Natalia,Gheorghiu
Rareș,Manole
Dorli,Tudor
Doina,Diaconu
Horațiu,Aanei
Bogdana,Mazilescu
Mina,Stancu
Anaida,Toma
Ina,Pușcașu
Paulica,Tabacu
Claudiu,Stoica
Silvia,Ababei
Ecaterina,Oprea
Jeana,Dumitrescu
Voichița,Mazilescu
Georgiana,Pușcașu
Ghiță,Barbu
Adelin,Ene
Frusina,Stan
Severina,Stănescu
David,Dochioiu
Alexandru,Pușcașu
Leana,Pop
Daria,Mazilescu
Voichița,Eftimie
Severin,Florea
Janina,Cristea
Aneta,Preda
Elena,Diaconu
Vera,Stoica
Vasilică,Ardelean
Teodor,Stănescu
Nicușor,Aanei
Clarisa,Ardelean
Relu,Pușcașu
Antoniu,Georgescu
Fabia,Pușcașu
Emanoil,Nemeș
Petruța,Dima
Maria,Nemeș
Octaviu,Stănescu
Olimpian,Mocanu
Agripina,Tudor
Nicuță,Ionescu
Mihnea,Nistor
Maxim,Pușcașu
Matei,Albu
Cristian,Tomescu
Titus,Ardelean
Mircea,Aanei
Edmond,Ababei
Sinică,Dima
Fiona,Cristea
Didina,Nistor
Paula,Voinea
Pompiliu,Pușcașu
Teodosia,Ardelean
Anghelina,Ababei
Steluța,Florea
Roberta,Barbu
Iolanda,Stoica
Iolanda,Diaconu
Clara,Dochioiu
Tudorița,Florea
Cristina,Tomescu
Cornelia,Stoica
Alida,Pușcașu
Norbert,Georgescu
Valentin,Diaconescu
Doru,Tabacu
Tatiana,Stancu
Vicenția,Tudor
Monica,Gheorghiu
Remus,Popa
Gherghina,Nistor
Eustațiu,Stan
Elena,Tabacu
Dacian,Mazilescu
Ica,Aanei
Luiza,Mocanu
Tania,Marin
Petronela,Pușcașu
Doru,Diaconescu
Emilia,Dobre
Paulina,Mazilescu
Todor,Dochioiu
Elena,Cristea
Arian,Ene
Vasilica,Ionescu
Dumitrana,Oprea
Alexe,Voinea
Amalia,Albu
Ivona,Mocanu
Florentin,Nistor
Carol,Dinu
Lucia,Nistor
Paraschiva,Eftimie
Paulica,Albu
Ramona,Popescu
Ghenadie,Ardelean
Emilia,Ionescu
Valentin,Diaconescu
Cristobal,Stănescu
Marius,Stancu
Edgar,Ababei
Silvian,Suciu
Eduard,Ioniță
Tiberiu,Diaconu
Toma,Pop
Sidonia,Nistor
Mona,Florea
Ortansa,Diaconescu
Aurica,Aanei
Paul,Dumitrescu
Tudora,Ababei
Alis,Toma
Iurie,Dinu
Ariadna,Pușcașu
Leopoldina,Stănescu
Laurenția,Dinu
Viviana,Dobre
Evanghelina,Stan
Aneta,Diaconescu
Draga,Mocanu
Eftimie,Dumitrescu
Anda,Stan
Ancuța,Eftimie
Magdalena,Ioniță
Florentin,Suciu
Tincuța,Florea
Ruxanda,Popa
Marcel,Tudor
Irina,Preda
Iolanda,Florea
Aurora,Preda
Felicia,Preda
Eleonora,Dochioiu
Florina,Voinea
Alin,Dochioiu
Patricia,Tudor
Andrada,Gheorghiu
Lucreția,Tabacu
Rareș,Stoica
Ruxandra,Mocanu
Saveta,Albu
Milena,Dochioiu
Iustina,Preda
Eftimie,Pop
Mugurel,Diaconu
Dumitra,Preda
Eduard,Stan
Carol,Dobre
Lorena,Oprea
Ruxanda,Dinu
Nae,Pop
Oana,Aanei
Răzvan,Albu
Iris,Florea
Albertina,Marin
Floarea,Eftimie
Alexandrina,Tudor
Eugen,Mazilescu
Janeta,Eftimie
Dinu,Pop
Costin,Pop
Anuța,Cristea
Lorin,Diaconu
Dinu,Dinu
Robertina,Voinea
Nora,Aanei
Arsenie,Tabacu
Iuliana,Dobre
Camelia,Suciu
Marcela,Stan
Gică,Nistor
Francesca,Dobre
Steluța,Nistor
Ilie,Pușcașu
Dominic,Oprea
Lavinia,Ababei
Tudorița,Tudor
Minodora,Ene
Nidia,Pop
Horațiu,Dobre
Otilia,Marin
Inocențiu,Diaconescu
Dafina,Popa
Simina,Ardelean
Anuța,Albu
Lucențiu,Gheorghiu
Mitruț,Dochioiu
Sandu,Ioniță
Tudora,Stan
Despina,Nistor
Manole,Diaconu
Anabela,Marin
Felix,Tabacu
Henrieta,Tudor
Avram,Georgescu
Smaranda,Georgescu
Relu,Suciu
Nicolae,Ioniță
Aleodor,Albu
Petrișor,Barbu
Eugen,Stoica
Felicia,Tabacu
Varvara,Popescu
George,Dochioiu
Brândușa,Mazilescu
Doina,Dobre
Nicoară,Manole
Ion,Dobre
Eugenia,Stancu
Leontina,Cristea
Sorina,Marin
Constanța,Popa
Valeriu,Ioniță
Ștefania,Marin
Niculina,Dochioiu
Hortensia,Popa
Nicodim,Toma
Agnos,Dobre
Paula,Dochioiu
Mugur,Pop
Cipriana,Toma
Codrina,Ene
Ernest,Nistor
Adriana,Ioniță
Cătălin,Preda
Grigore,Eftimie
Eugen,Niță
Leontina,Nistor
Profira,Georgescu
Aurora,Pop
Iacob,Manole
Laurenția,Ardelean
Magdalena,Aanei
Mara,Stan
Rozalia,Dobre
Beatrice,Suciu
Crenguța,Tabacu
Voicu,Popa
Miron,Preda
Gelu,Nistor
Sandu,Diaconescu
Eremia,Albu
Casiana,Diaconescu
Bucur,Toma
Lucențiu,Preda
Valeria,Aanei
Loredana,Ionescu
Ducu,Diaconu
Casiana,Dumitrescu
Corina,Ababei
Alida,Toma
Livia,Popa
Felicia,Dima
Alexe,Popa
Lăcrămioara,Toma
Codruța,Diaconescu
Haralamb,Oprea
Titus,Nistor
Virginia,Dinu
Julieta,Suciu
Ivona,Barbu
Larisa,Ionescu
Despina,Ioniță
Roza,Mocanu
Eric,Dochioiu
Marcela,Stoica
Cosmina,Dochioiu
Marta,Voinea
Cecilia,Popa
Silviu,Eftimie
Caius,Toma
Dinu,Marin
Dora,Tomescu
Haralambie,Voinea
Florea,Toma
Carolina,Diaconu
Amanda,Dumitrescu
Cristea,Nemeș
Niculiță,Dima
Codruța,Ioniță
Julieta,Mocanu
Grațiela,Voinea
Maxim,Oprea
Cornelia,Florea
Flaviu,Dochioiu
Teea,Florea
Ștefan,Marin
Irinel,Ene
Flora,Niță
Lică,Nistor
Ieremia,Mocanu
Nicolaie,Popescu
Ghiță,Eftimie
Bogdana,Nemeș
Zenovia,Nistor
George,Pop
Gențiana,Suciu
Janeta,Ene
Viorica,Georgescu
Frusina,Dima
Anabela,Cristea
Jean,Aanei
Amedeu,Tomescu
Haralamb,Mazilescu
Crina,Tudor
Vasilica,Tudor
Jan,Ene
Roza,Stan
Rafael,Pușcașu
Cecilia,Aanei
Zamfir,Mocanu
Pompiliu,Stancu
Georgian,Dumitrescu
Giorgiana,Mocanu
Patricia,Albu
Mariana,Diaconescu
Rafila,Pop
Viorel,Mazilescu
Emilian,Diaconescu
Catinca,Marin
Julia,Diaconescu
Felicia,Popa
Rodica,Albu
Leopoldina,Preda
Călin,Stănescu
Dafina,Diaconescu
Lucia,Stan
Zeno,Niță
Tincuța,Diaconescu
Denis,Tudor
Liliana,Dima
Marcel,Ionescu
Ariadna,Nistor
Benone,Toma
Basarab,Toma
Haralambie,Stoica
Lucențiu,Dinu
Andra,Suciu
Vanesa,Pușcașu
Cipriana,Dobre
Xenia,Voinea
Mugurel,Dinu
Dorina,Popescu
Mara,Ionescu
Gică,Stoica
Ovidiu,Tabacu
Romeo,Ene
Lorelei,Marin
Adina,Ionescu
Ilona,Nistor
Zamfir,Tudor
Crenguța,Ababei
Ariana,Nemeș
Iolanda,Eftimie
Denis,Tudor
Nichifor,Tudor
Anabela,Pușcașu
Oliviu,Ardelean
Aurică,Stănescu
Zenobia,Aanei
Doina,Ababei
Pavel,Dobre
Rebeca,Tabacu
Mona,Tomescu
Mina,Florea
Decebal,Florea
Fiodor,Gheorghiu
Carla,Albu
Aura,Toma
Tiberiu,Mazilescu
Cornel,Dima
Lelia,Ardelean
Luminița,Dochioiu
Denisa,Cristea
Steluța,Mazilescu
Vincențiu,Dobre
Amedeu,Pop
Dora,Dima
Stanca,Niță
Mihail,Dumitrescu
Valeriu,Dochioiu
Eugenia,Ene
Ramona,Ioniță
Miron,Voinea
Paula,Nistor
Florea,Tomescu
Georgia,Tabacu
Sofia,Ionescu
Marcu,Nistor
Suzana,Ioniță
Cornel,Pușcașu
Arina,Nemeș
Letiția,Mazilescu
Ileana,Niță
Catinca,Ardelean
Claudia,Cristea
Petre,Ardelean
Aneta,Albu
Claudia,Voinea
Erica,Cristea
Paula,Tudor
Romina,Suciu
Mina,Manole
Basarab,Ene
Lorelei,Nistor
Octaviana,Tomescu
Camil,Tudor
Mihnea,Nemeș
Carmen,Eftimie
Heracleea,Popa
Gică,Stan
Sofia,Dobre
Jan,Manole
Loredana,Ardelean
Cezar,Eftimie
Norbert,Dochioiu
Crina,Marin
Cazimir,Cristea
Vladimir,Aanei
Sever,Stancu
Amalia,Suciu
Augustina,Oprea
Bogdan,Manole
Bartolomeu,Florea
Narcisa,Cristea
Ludovic,Stan
Alberta,Stan
Carolina,Popa
Niculina,Dima
Paulina,Georgescu
Malvina,Stancu
Teofil,Ioniță
Aneta,Manole
Decebal,Tomescu
Ilona,Ardelean
Vera,Voinea
Luiza,Dobre
Costin,Stănescu
Sabina,Diaconu
Narcis,Georgescu
Constantina,Niță
Malvina,Preda
Simion,Oprea
Livia,Popescu
Clementina,Dochioiu
Dafina,Nemeș
Tincuța,Dumitrescu
Emanoil,Dinu
Achim,Mazilescu
Venera,Albu
Alberta,Barbu
Radu,Stoica
Alexandru,Georgescu
Vasilică,Nistor
Sergiu,Tabacu
Dochia,Tomescu
Evanghelina,Diaconescu
Severina,Nistor
Ladislau,Dochioiu
Basarab,Eftimie
Floriana,Nemeș
Francisc,Nistor
Niculiță,Ene
Alexandra,Tomescu
Magdalena,Barbu
Darius,Georgescu
Tiberiu,Tomescu
Tamara,Preda
Andrada,Aanei
Ion,Dima
Bernard,Gheorghiu
Celia,Aanei
Constantina,Stancu
Laurențiu,Nistor
Amelia,Marin
Silvian,Marin
Narcisa,Cristea
Albertina,Albu
Gregorian,Stan
Antoniu,Nemeș
Martin,Niță
Eduard,Dobre
Sebastian,Albu
Ilona,Dobre
Marcheta,Marin
Aristide,Pușcașu
Stana,Ardelean
Renata,Ardelean
Panagachie,Stan
Petronela,Ionescu
Oliviu,Diaconescu
Laurențiu,Georgescu
Ligia,Diaconescu
Adi,Dumitrescu
Cantemir,Oprea
Olimpiu,Barbu
Speranța,Suciu
Daria,Popa
Norbert,Diaconescu
Suzana,Eftimie
Pavel,Toma
Avram,Ionescu
Monalisa,Dumitrescu
Marcel,Diaconescu
Henrieta,Tomescu
Ionela,Dumitrescu
Venera,Toma
Nicuță,Oprea
Sânziana,Ardelean
Dorel,Florea
Nicodim,Nistor
Marcu,Dima
Fabia,Dumitrescu
Nicolaie,Voinea
Florina,Eftimie
Marinela,Manole
Timea,Mazilescu
Dominic,Aanei
Flavia,Ioniță
Aurora,Ionescu
Mădălina,Dumitrescu
Marilena,Voinea
Iosefina,Dobre
Safta,Stan
Sânziana,Ioniță
Crina,Toma
Eleonora,Stoica
Ruxandra,Stan
Evelina,Dima
Romina,Dochioiu
Norbert,Dima
Ileana,Dobre
Olimpian,Dobre
Lidia,Marin
Sinică,Ene
Geta,Popa
Semenica,Mocanu
Mitruț,Mazilescu
Petruț,Mazilescu
Ica,Preda
Leonard,Tomescu
Iuliu,Dinu
Veniamin,Aanei
Aglaia,Diaconescu
Brăduț,Nistor
Octavia,Suciu
Norica,Diaconescu
Angel,Dobre
Emanuela,Toma
Angela,Voinea
Edmond,Dinu
Rodica,Mazilescu
Victor,Barbu
Nicolaie,Aanei
Anica,Aanei
Eremia,Stoica
Iustin,Florea
Astrid,Barbu
Sofia,Dochioiu
Leontin,Dinu
Horațiu,Stoica
Mircea,Nistor
Sabin,Suciu
Sandu,Mocanu
Floarea,Diaconescu
Maria,Ioniță
Vera,Popescu
Iurie,Eftimie
George,Dobre
Laurențiu,Popa
Iuliu,Nistor
Dan,Stoica
Grigore,Toma
Carol,Suciu
Paul,Aanei
Nae,Marin
Constantina,Barbu
Alex,Cristea
Romanița,Voinea
Relu,Tudor
Fabia,Popa
Augustin,Nistor
Mitică,Oprea
Marina,Stoica
Silvana,Dinu
Ilona,Voinea
Rafael,Popa
Geta,Voinea
Nelu,Stoica
Zeno,Voinea
Lucreția,Nistor
Bebe,Stoica
Frusina,Mocanu
Dochia,Pop
Mariana,Ababei
Traian,Dochioiu
Betina,Florea
Vlădelina,Ardelean
Codrina,Popescu
Crin,Ioniță
Panait,Florea
Cristea,Ene
Nicodim,Cristea
Horea,Nistor
Loredana,Florea
Petre,Gheorghiu
Mariana,Eftimie
Mina,Georgescu
Ștefana,Preda
Mariana,Marin
Catrina,Stan
Cazimir,Pușcașu
Daiana,Dima
Aleodor,Marin
Paula,Nistor
Rafila,Tabacu
Gheorghe,Nemeș
Brăduț,Diaconescu
Tatiana,Preda
Claudiu,Eftimie
Anaida,Marin
Vasilica,Popescu
Virginia,Preda
Eusebia,Aanei
Emil,Stănescu
Larisa,Pușcașu
Gregorian,Marin
Avram,Popescu
Diana,Popa
Rodica,Nistor
Olga,Cristea
Andrei,Aanei
Stancu,Mazilescu
Niculina,Dinu
Monica,Barbu
Teodor,Stoica
Eftimia,Ardelean
Mina,Ioniță
Gherghina,Dumitrescu
Florica,Mazilescu
Bogdan,Mocanu
Ofelia,Pușcașu
Eftimia,Eftimie
Barbu,Tudor
Lioara,Popa
Tincuța,Dochioiu
Evelina,Nistor
Romanița,Dinu
Adrian,Oprea
Roxelana,Barbu
Sandu,Niță
Aristide,Stănescu
Felicia,Oprea
Ileana,Ene
Lorena,Oprea
Augustina,Dobre
Ernest,Dobre
Antonia,Dinu
Romina,Preda
Cornelia,Diaconescu
Iurie,Manole
Adelin,Dumitrescu
Manuela,Tabacu
Astrid,Oprea
Diana,Aanei
Frusina,Oprea
Ozana,Dumitrescu
Anamaria,Diaconescu
Venera,Mocanu
Gabriela,Stoica
Sanda,Pop
Atena,Dinu
Stela,Voinea
Simion,Barbu
Grațian,Toma
Tinca,Georgescu
Marius,Suciu
Tincuța,Mazilescu
Ionică,Ababei
Tiberia,Popescu
Gențiana,Florea
Anaida,Dobre
Flavia,Cristea
Leopoldina,Niță
Aurica,Tudor
Panait,Ababei
Sorina,Ioniță
Florența,Toma
Maria,Oprea
Cosmina,Preda
Leontin,Mazilescu
Adelin,Suciu
Roza,Dumitrescu
Florin,Ioniță
Violeta,Georgescu
Silviu,Stancu
Francesca,Aanei
Dumitrana,Tabacu
Vlădelina,Dinu
Constantin,Marin
Ilie,Nistor
George,Diaconu
Sânziana,Barbu
Anaida,Nemeș
Ghenadie,Diaconescu
Panagachie,Tabacu
Robertina,Suciu
Catinca,Dochioiu
Norman,Suciu
Tinca,Pop
Tincuța,Stănescu
Teea,Oprea
Andrada,Voinea
Gică,Albu
Leordean,Aanei
Fiodor,Ardelean
Carol,Gheorghiu
Aurică,Preda
Petrică,Cristea
Gabi,Niță
Gabi,Dobre
Codruța,Stoica
Grațiela,Gheorghiu
Daniela,Tudor
Tania,Tabacu
Horea,Tomescu
Antim,Marin
Miruna,Florea
Semenica,Marin
Elodia,Suciu
Aurel,Gheorghiu
Doina,Aanei
Georgel,Diaconu
Felicia,Nemeș
Niculiță,Nistor
Vasilica,Stan
Francesca,Stancu
Gina,Tomescu
Alina,Preda
Ruxandra,Diaconu
Iuliana,Ionescu
Ina,Diaconescu
Francisc,Nemeș
Alexandrina,Eftimie
Tudosia,Tomescu
Valter,Dumitrescu
Barbu,Voinea
Sebastian,Ioniță
Adelaida,Mazilescu
Despina,Niță
Antoniu,Popescu
Marinela,Oprea
Adelaida,Popa
Paul,Gheorghiu
Varvara,Niță
Floriana,Dima
Ionuț,Dumitrescu
Alin,Diaconu
Profira,Suciu
Octaviana,Marin
Răducu,Florea
Norica,Ioniță
Margareta,Ioniță
Eremia,Tudor
Ștefan,Popescu
Alice,Tudor
Dorin,Mazilescu
Ciprian,Nistor
Valentin,Georgescu
Marin,Eftimie
Anton,Niță
Eva,Stănescu
Alma,Preda
Daniela,Cristea
Nicoleta,Suciu
Carina,Aanei
Grațian,Nistor
Anaida,Ioniță
Ada,Georgescu
Barbu,Mocanu
Vlad,Oprea
Gențiana,Nemeș
Marcheta,Oprea
Lascăr,Barbu
Iustina,Mazilescu
Dinu,Ardelean
Haralamb,Barbu
Floriana,Tomescu
Iustin,Barbu
Lascăr,Mazilescu
Saveta,Preda
Adrian,Dochioiu
Nae,Tudor
Marta,Mocanu
Iulian,Cristea
Sandu,Stancu
Antonie,Ionescu
Ludovic,Preda
Anastasia,Manole
Giorgian,Tabacu
Eufrosina,Aanei
Lăcrămioara,Diaconescu
Angela,Dinu
Iurie,Nistor
Teona,Marin
Paul,Ababei
Nidia,Nistor
Severin,Barbu
Teodor,Stoica
Zaharia,Ardelean
Ștefania,Ene
Claudiu,Dima
Sabrina,Voinea
Nicolaie,Florea
Victoria,Suciu
Dorian,Nistor
Cristian,Ionescu
Alina,Dobre
Alexandru,Toma
Edgar,Barbu
Aurica,Suciu
Caterina,Ene
Raul,Oprea
Marcela,Suciu
Ancuța,Aanei
Aura,Barbu
Adi,Diaconescu
Vanesa,Ababei
Dafina,Cristea
Mihai,Niță
Zenovia,Ioniță
Salomea,Popescu
Rafael,Albu
Sever,Ardelean
Simona,Toma
Axinte,Popescu
Henrieta,Stoica
Simona,Toma
Marcela,Eftimie
Georgian,Niță
Eva,Barbu
Remus,Stancu
Janeta,Popa
Anghelina,Dima
Leordean,Stănescu
Tatiana,Ene
Vasile,Dobre
Floare,Pop
Răducu,Stancu
Ana,Dumitrescu
Tatiana,Toma
Amza,Preda
Voicu,Oprea
Paula,Manole
Stan,Toma
Alexandra,Manole
Clementina,Ababei
Radu,Niță
Rafila,Ionescu
Mitruț,Ene
Eduard,Manole
Cristofor,Suciu
Sandu,Diaconescu
Jasmina,Ionescu
Simi,Tabacu
Loredana,Nistor
Cipriana,Diaconu
Adelin,Nemeș
Adela,Tomescu
Dida,Dima
Daniela,Dima
Leonard,Ionescu
Aurelian,Voinea
Răzvan,Florea
Tudorița,Stănescu
Avram,Diaconescu
Mădălin,Diaconu
Veta,Oprea
Cantemir,Tabacu
Mitruț,Manole
Ilarie,Nistor
Eleonora,Mocanu
Alina,Dima
Sânziana,Stan
Valeria,Dumitrescu
Adelina,Manole
Simina,Albu
Ana,Dobre
Liviu,Niță
Crenguța,Aanei
Cerasela,Cristea
Codruța,Gheorghiu
Toma,Eftimie
Damian,Dobre
Zeno,Diaconu
Voicu,Oprea
Carla,Dochioiu
Paul,Marin
Iuliu,Cristea
Vlădelina,Voinea
Voichița,Albu
Victor,Ababei
Eric,Tudor
Andrada,Dochioiu
Elvira,Barbu
Antoaneta,Tabacu
Sânziana,Nistor
Valeriu,Tomescu
Giorgian,Stănescu
Anica,Voinea
Daiana,Toma
Ariana,Nemeș
Lucia,Ionescu
Florina,Dumitrescu
Nadia,Ioniță
Adina,Popescu
Bogdana,Tudor
Martin,Pușcașu
Zamfir,Mazilescu
Dorinel,Dobre
Anabela,Popa
Floriana,Niță
Olimpian,Dinu
Marina,Voinea
Pătru,Stancu
Darius,Popa
Elodia,Popescu
Luminița,Dobre
Dorin,Ioniță
Lorin,Mazilescu
Pompiliu,Ene
Natașa,Stoica
Theodor,Cristea
Sabrina,Mazilescu
Mihai,Preda
Savina,Albu
Tudorița,Popescu
Sinică,Georgescu
Filip,Dobre
David,Georgescu
Henrieta,Voinea
Diana,Pușcașu
Grigore,Pop
Dariana,Dinu
Rica,Eftimie
Marius,Eftimie
Nichifor,Albu
Zenovia,Nistor
Vasilică,Tabacu
Aristide,Marin
Nelu,Ardelean
Angel,Niță
Nichifor,Niță
Oliviu,Ababei
Lia,Georgescu
Iacob,Ene
Agata,Suciu
Sanda,Aanei
Janina,Tabacu
Eliza,Toma
Anatolie,Tomescu
Elvira,Diaconu
Stana,Eftimie
Ramona,Ababei
Cerasela,Eftimie
Laurențiu,Georgescu
Achim,Popescu
Savina,Dinu
Lăcrămioara,Popa
Narcis,Popescu
Paula,Preda
Costel,Oprea
Hortensia,Stancu
Eugen,Albu
Larisa,Stancu
Ionuț,Diaconescu
Clara,Tabacu
Iosif,Pușcașu
Consuela,Cristea
Irinel,Aanei
Lioara,Popa
Jenel,Diaconu
Safta,Aanei
Mihai,Mazilescu
Iuliu,Ababei
Georgeta,Mazilescu
Andrei,Diaconu
Robertina,Niță
Iridenta,Nistor
Ecaterina,Voinea
Floriana,Georgescu
Aristide,Dima
Miruna,Tudor
Carolina,Gheorghiu
Caius,Manole
Iulian,Stan
Achim,Oprea
Aristide,Voinea
Costel,Dobre
Lucrețiu,Dinu
Emilia,Barbu
Anica,Pușcașu
Geanina,Gheorghiu
Lia,Tabacu
Filip,Ardelean
Violeta,Toma
Relu,Niță
Petru,Gheorghiu
Aurica,Nistor
Ariadna,Georgescu
Dinu,Popescu
Lucian,Dumitrescu
Nidia,Popa
Gianina,Florea
Luca,Ene
Caius,Dochioiu
Carla,Diaconescu
Augustina,Pop
Pompiliu,Stan
Viviana,Stan
Lică,Oprea
Anamaria,Ababei
Izabela,Stănescu
Rica,Ioniță
Zenovia,Diaconescu
Paulina,Preda
Octav,Tudor
Petru,Eftimie
Raluca,Stănescu
Ladislau,Florea
Nelu,Dumitrescu
Dorian,Nemeș
Eleonora,Albu
Dan,Tabacu
Aurora,Tomescu
Bucur,Diaconu
Haralamb,Dumitrescu
Mihaela,Ababei
Casandra,Suciu
Iris,Dumitrescu
Iuliu,Cristea
Remus,Manole
Lucențiu,Tomescu
Cornel,Suciu
Ciprian,Georgescu
Manuela,Niță
Avram,Ababei
Speranța,Stan
Monica,Manole
Maia,Nemeș
Alida,Dochioiu
Nicuță,Eftimie
Eliana,Mazilescu
Petre,Tomescu
Amelia,Eftimie
Răzvan,Dobre
Cipriana,Dobre
Paulica,Pușcașu
Beatrice,Niță
Svetlana,Dinu
Amalia,Stoica
Eftimia,Dinu
Pompiliu,Suciu
Pleșu,Gheorghiu
Timotei,Barbu
Anastasia,Mazilescu
Dorli,Dima
Brăduț,Cristea
Suzana,Stănescu
Manole,Dima
Lăcrămioara,Manole
Eugenia,Tomescu
Grațiela,Cristea
Cosmin,Stănescu
Ortansa,Nemeș
Alma,Tudor
Didina,Tabacu
Leana,Stancu
Virginia,Popa
Evanghelina,Voinea
Andra,Preda
Olimpiu,Dumitrescu
Constanța,Preda
Leontin,Ioniță
Emanuela,Barbu
Benone,Nemeș
Lavinia,Florea
Gheorghe,Tabacu
Severina,Florea
Pleșu,Ardelean
Aurel,Popa
Lia,Popescu
Anda,Florea
Ina,Mocanu
Filip,Dobre
Pompiliu,Marin
Mitruț,Dumitrescu
Mina,Stancu
Tania,Georgescu
Sabrina,Suciu
Florin,Dumitrescu
Viorica,Ene
Elena,Mocanu
Viorel,Ene
Damian,Voinea
Lorin,Pop
Marina,Barbu
Iris,Popescu
Luciana,Stancu
Ladislau,Albu
Julieta,Georgescu
Salomea,Tabacu
Nicoară,Suciu
Sava,Georgescu
Ligia,Voinea
Anabela,Manole
Gelu,Oprea
Teodora,Albu
Sofia,Voinea
Tudora,Ene
Mălina,Nistor
Sânziana,Florea
Veronica,Suciu
Cornelia,Stoica
Ladislau,Mocanu
Adelin,Stănescu
Bernard,Popa
Iasmina,Dumitrescu
Iuliu,Pop
Ioana,Pop
Loredana,Ardelean
Clarisa,Stănescu
Sofia,Tudor
Maricica,Stancu
Doriana,Pop
Nicoară,Tomescu
Savina,Tudor
Jeana,Eftimie
Octaviana,Niță
Sorana,Mazilescu
Suzana,Stănescu
Ciprian,Albu
Augustina,Aanei
Ciprian,Toma
Monica,Ardelean
Vicențiu,Tudor
Larisa,Georgescu
Adrian,Tomescu
Mitruț,Cristea
Ianis,Tabacu
Costin,Ionescu
Fabia,Tudor
Nicoară,Pop
Steliana,Nistor
Iosefina,Nistor
Fiodor,Suciu
Arina,Ardelean
Tudora,Pop
Silviana,Nemeș
Anamaria,Marin
Lazăr,Dima
Lucrețiu,Manole
Domnica,Nistor
Sabina,Florea
Leontin,Ionescu
Iulian,Stoica
Pamela,Georgescu
Teodora,Popescu
Octaviu,Tudor
Letiția,Voinea
Dochia,Suciu
Julia,Stancu
Casian,Oprea
Amalia,Nistor
Ștefan,Dumitrescu
Paula,Ene
Paula,Stan
Claudia,Preda
Matei,Voinea
Codruța,Gheorghiu
Ancuța,Tabacu
Teodosia,Dobre
Dorin,Niță
Manole,Tabacu
Oliviu,Eftimie
Vanesa,Albu
Grațian,Stănescu
Felix,Pușcașu
Liana,Stoica
Axenia,Ioniță
Zina,Niță
Ilona,Nistor
Viorel,Marin
Dumitrana,Pușcașu
Cantemir,Nistor
Maxim,Mocanu
Alberta,Nemeș
Bartolomeu,Nistor
Alexandra,Gheorghiu
David,Niță
Caterina,Diaconu
Carmina,Oprea
Irinel,Stancu
Măriuca,Tomescu
Mariana,Ioniță
Alina,Dobre
Norbert,Tomescu
Leonard,Stoica
Patricia,Tomescu
Anica,Florea
Luminița,Oprea
Gherghina,Eftimie
Adelaida,Ionescu
Venera,Gheorghiu
Sânziana,Pușcașu
Mugurel,Dochioiu
Leordean,Dochioiu
Emil,Ioniță
Avram,Cristea
Viviana,Diaconu
Nechifor,Georgescu
Adriana,Stoica
Zeno,Gheorghiu
Anișoara,Voinea
Nechifor,Ioniță
Mugur,Nistor
Camelia,Mazilescu
Jana,Stancu
Dida,Voinea
Aureliana,Preda
Caterina,Stănescu
Iulian,Mocanu
Angel,Dima
Sergiu,Tabacu
Varvara,Manole
Aurica,Voinea
Cipriana,Ene
Laurenția,Popescu
Albert,Barbu
Aurelia,Voinea
Stelian,Popescu
Iurie,Pușcașu
Damian,Tomescu
Luana,Marin
Ofelia,Nemeș
Ilinca,Nistor
Veniamin,Stănescu
Octaviana,Ababei
Ruxanda,Popescu
Irina,Preda
Zenobia,Florea
Bănel,Mocanu
Noemi,Dinu
Leonard,Dobre
Rica,Ababei
Stan,Toma
Roberta,Eftimie
Adelina,Dumitrescu
Marian,Dima
Mara,Tudor
Lascăr,Dinu
Natașa,Nemeș
Emanuel,Cristea
Sofia,Popa
Vicenția,Eftimie
Ozana,Dima
Safta,Dobre
Dorinel,Tudor
Sonia,Nemeș
Bernard,Dinu
Elodia,Tomescu
Ica,Pop
Niculina,Nistor
Camil,Oprea
Carmen,Albu
Paula,Suciu
Timotei,Nemeș
Florea,Barbu
Astrid,Stan
Agripina,Niță
Dumitra,Tudor
Celia,Ardelean
Constantina,Tudor
Emilian,Eftimie
Dafina,Diaconu
Elvira,Ardelean
Gicu,Voinea
Aristide,Barbu
Dimitrina,Pop
Ilie,Pușcașu
Cosmin,Ababei
Valeriu,Nemeș
Paula,Aanei
Jan,Albu
Adi,Dochioiu
Mihnea,Georgescu
Olimpia,Barbu
Carolina,Ioniță
Cristobal,Pușcașu
Eric,Dobre
Cornel,Stancu
Doriana,Manole
Elvira,Stan
Corina,Dinu
Ludovica,Dumitrescu
Crin,Stănescu
Leopoldina,Popescu
Rada,Stancu
Elisabeta,Suciu
Măriuca,Stancu
Daria,Ioniță
Raluca,Albu
Niculiță,Georgescu
Teodora,Preda
Lili,Popescu
Speranța,Ene
Zamfir,Eftimie
Cosmin,Oprea
Ica,Mocanu
Alexandra,Ioniță
Eleonora,Albu
Victor,Georgescu
Tincuța,Florea
Ilarion,Marin
Ina,Dochioiu
Hortensia,Mazilescu
Gheorghiță,Popa
Matei,Suciu
Cristian,Gheorghiu
Todor,Barbu
Mona,Gheorghiu
Iuliana,Niță
Mărioara,Tudor
Leana,Niță
Amedeu,Niță
Ruxandra,Ene
Sergiu,Nistor
Ilarie,Pușcașu
Rodica,Dima
Sergiu,Gheorghiu
Marcheta,Ene
Zaraza,Florea
Cecilia,Pop
Dora,Voinea
Teofil,Popescu
Larisa,Albu
Adrian,Diaconescu
Ovidiu,Pușcașu
Petrică,Tabacu
Profira,Gheorghiu
Pavel,Stănescu
Melania,Pușcașu
Denis,Tabacu
Codin,Ionescu
Hortensia,Tudor
Niculiță,Toma
Tudora,Ene
Adelin,Stancu
Felix,Dochioiu
Gianina,Pușcașu
Brăduț,Eftimie
Ozana,Ionescu
Sever,Ionescu
Aurelia,Stan
Rareș,Albu
Romeo,Albu
Marilena,Pop
Teofil,Eftimie
Arsenie,Cristea
Ortansa,Oprea
Coralia,Dinu
Iris,Florea
Vlădelina,Pușcașu
Cornel,Dochioiu
Vera,Dinu
Augustina,Toma
Octavia,Popa
Mara,Preda
Mugur,Suciu
Mirabela,Florea
Aurelian,Niță
Raluca,Diaconu
Anghel,Nistor
Luminița,Ene
Ancuța,Dobre
Romanița,Ardelean
Severina,Pușcașu
Nicoleta,Tomescu
Irina,Aanei
Marcheta,Mocanu
Marcel,Dinu
Leonard,Mocanu
Eugenia,Popescu
Victoria,Cristea
Simion,Dinu
Haralamb,Stănescu
Dariana,Tomescu
Crenguța,Barbu
Octaviu,Dinu
Pavel,Manole
Iosif,Eftimie
Ionică,Toma
Nicușor,Dima
Amanda,Mocanu
Norbert,Marin
Larisa,Oprea
Sergiu,Nistor
Cosmina,Diaconu
Haralambie,Mazilescu
Rafael,Stoica
Dominic,Diaconu
Izabela,Popescu
Geta,Mazilescu
Haralambie,Ardelean
Pamela,Dochioiu
Octaviana,Eftimie
Silvia,Nemeș
Lorelei,Dumitrescu
Norman,Mocanu
Sinică,Marin
Clementina,Dumitrescu
Suzana,Mazilescu
Silvia,Tabacu
Emanoil,Albu
Gențiana,Tudor
Aurelia,Niță
Steluța,Mazilescu
Basarab,Albu
Brândușa,Georgescu
Frusina,Ionescu
Mioara,Stancu
Arian,Mocanu
Artemisa,Preda
Ozana,Marin
Manuela,Florea
Marin,Eftimie
Stancu,Florea
Marcheta,Stănescu
Tinca,Diaconu
Florin,Tabacu
Liana,Dobre
Ovidiu,Suciu
Arsenie,Stan
Laurențiu,Albu
Florența,Dumitrescu
Sabin,Preda
Giorgian,Nemeș
Valentina,Ioniță
Ruxandra,Tudor
Hortensia,Toma
Adelina,Tudor
Matilda,Dumitrescu
Daniel,Ionescu
Cleopatra,Stoica
Codin,Ioniță
Flaviu,Tomescu
Dida,Stoica
Dacian,Tudor
Anica,Nemeș
Anaida,Stoica
Pompilia,Dobre
Sabrina,Georgescu
Viviana,Ionescu
Maia,Nemeș
Iancu,Dinu
Zenovia,Manole
Horațiu,Dobre
Gabriela,Stancu
Iasmina,Ene
Remus,Stancu
Georgel,Popescu
Giorgian,Toma
Ovidiu,Florea
Claudia,Niță
Cosmin,Stoica
Andra,Ionescu
Emanuela,Niță
Ica,Georgescu
Albertina,Georgescu
Monica,Ardelean
Sabina,Dumitrescu
Sever,Mocanu
Beniamin,Tabacu
Barbu,Toma
Roberta,Voinea
Dumitru,Voinea
Grațiela,Dima
Antoaneta,Cristea
Octaviana,Toma
Ancuța,Pușcașu
Iuliana,Ene
Iurie,Stănescu
Gică,Pop
Lucia,Manole
Zina,Albu
Anica,Stoica
Marian,Georgescu
Steluța,Tomescu
Ieremia,Pop
Caius,Tomescu
Beniamin,Preda
Cornelia,Stănescu
Sabrina,Dinu
Draga,Nemeș
Ionică,Tabacu
Crina,Diaconu
Petrișor,Barbu
Cătălina,Mazilescu
Emil,Barbu
Alistar,Diaconescu
Janina,Popescu
Barbu,Ionescu
Violeta,Gheorghiu
Georgel,Stoica
Zeno,Ene
Ina,Ionescu
Giorgian,Marin
Nicușor,Dumitrescu
Cătălin,Stan
Arsenie,Tomescu
Valentin,Popescu
Visarion,Tabacu
Haralamb,Ardelean
Mirona,Pușcașu
Norman,Georgescu
Ivona,Voinea
Eusebiu,Dobre
Elisaveta,Nemeș
Tincuța,Marin
Ernest,Barbu
Izabela,Dochioiu
Marioara,Dinu
Jeana,Mazilescu
Dafina,Barbu
Avram,Dumitrescu
Alex,Ardelean
Carmina,Barbu
Dumitrana,Oprea
Alexandra,Georgescu
Florentin,Ababei
Silviana,Tomescu
Edmond,Georgescu
Leana,Dima
Roza,Toma
Brândușa,Nemeș
Iustin,Dochioiu
Liliana,Ionescu
Astrid,Ene
Martin,Albu
Teodor,Dobre
Carina,Popa
Catrina,Tabacu
Ovidiu,Pop
Florian,Albu
Norman,Nistor
Ilarie,Voinea
Tiberiu,Ioniță
Octaviu,Ioniță
Ludmila,Gheorghiu
Gianina,Nistor
Beniamin,Stan
Dariana,Stoica
Adelina,Popescu
Maxim,Georgescu
Filip,Stancu
Renata,Manole
Codruț,Dumitrescu
Eusebia,Dobre
Dinu,Manole
Luca,Diaconescu
Doru,Tomescu
Consuela,Popa
Evelina,Tomescu
Niculiță,Mazilescu
Ilarie,Ene
Cristina,Cristea
Irina,Pușcașu
Andrei,Stancu
Visarion,Preda
Diana,Ababei
Aristița,Suciu
Anca,Stan
Mioara,Voinea
Larisa,Mocanu
Profira,Oprea
Anastasia,Manole
Anișoara,Cristea
Nae,Tomescu
Filip,Popa
Victor,Stan
Cleopatra,Stănescu
Iosif,Nistor
Nidia,Stancu
Fiona,Dochioiu
Robertina,Dumitrescu
Eftimia,Stănescu
Aureliana,Voinea
Eftimie,Ardelean
Anastasia,Barbu
Alexandru,Ioniță
Maricica,Nistor
Teodora,Eftimie
Mălina,Dobre
Lucreția,Ardelean
Gheorghiță,Stoica
Evelina,Ababei
Malvina,Cristea
Niculiță,Pușcașu
Ruxandra,Toma
Alida,Preda
Amanda,Toma
Timea,Niță
Evanghelina,Dima
Tudorița,Ardelean
Bebe,Oprea
Smaranda,Niță
Pompilia,Dumitrescu
Cristofor,Popescu
Cerasela,Pop
Camil,Preda
Codruț,Suciu
Zamfir,Tomescu
Viorica,Stancu
Rafael,Pușcașu
Benone,Eftimie
Jana,Preda
Dinu,Ababei
Claudiu,Dima
Fiona,Mocanu
Malvina,Georgescu
Marioara,Cristea
Romeo,Stănescu
Delia,Diaconescu
Pompilia,Stoica
Andreea,Preda
Teohari,Marin
Daria,Gheorghiu
Romeo,Popa
Cipriana,Dinu
Maia,Pop
Melania,Mazilescu
Patricia,Pușcașu
Oliviu,Dinu
Clarisa,Ionescu
Marina,Florea
Betina,Diaconu
Antoniu,Tabacu
Anișoara,Tabacu
Leontina,Ababei
Clarisa,Preda
Maria,Dobre
Gregorian,Cristea
Constantin,Pop
Teofil,Georgescu
Dochia,Tomescu
Casandra,Tomescu
Mitică,Ionescu
Rozalia,Suciu
Anamaria,Eftimie
Denis,Dobre
Romulus,Mazilescu
Venera,Voinea
Valentin,Cristea
Dora,Eftimie
Ivan,Diaconu
Nidia,Suciu
Ariana,Ionescu
Cezar,Diaconescu
Emanuil,Stănescu
Ilarion,Popescu
Lorin,Mocanu
Agripina,Voinea
Paula,Popescu
Ariana,Suciu
Anamaria,Nemeș
Casian,Diaconescu
Ianis,Dochioiu
Cezara,Voinea
Octaviana,Eftimie
Viorela,Florea
Iasmina,Diaconescu
Iosefina,Voinea
Anamaria,Popescu
Erica,Albu
Octaviu,Eftimie
Rebeca,Tudor
Dinu,Stoica
Lorin,Aanei
Codruț,Georgescu
Stelian,Popa
Nelu,Pop
Viviana,Eftimie
Veronica,Nistor
Fiona,Mocanu
Mirela,Mocanu
Horia,Cristea
Mădălina,Oprea
Octavian,Stancu
Cristea,Preda
Emil,Diaconu
Sava,Stancu
Ortansa,Oprea
Gheorghe,Stoica
Valentina,Toma
Daciana,Dinu
Basarab,Stoica
Anghelina,Popa
Remus,Ardelean
Emil,Popa
Tudorița,Eftimie
Clementina,Dima
Ianis,Popescu
Veta,Ababei
Ligia,Diaconu
Marcela,Voinea
Frederic,Voinea
Nicușor,Mazilescu
Flavia,Eftimie
Ducu,Florea
Ghenadie,Marin
Ancuța,Stancu
Marinela,Popa
Ionela,Aanei
Stancu,Cristea
Mihaela,Stănescu
Delia,Nistor
Doru,Diaconu
Lorena,Stoica
Doriana,Mocanu
Matei,Nistor
Adina,Gheorghiu
Gabriel,Stănescu
Sorina,Ionescu
Toma,Ioniță
Anișoara,Nemeș
Martin,Gheorghiu
Marinela,Ardelean
Mircea,Niță
Emanuil,Popa
Ozana,Albu
Relu,Preda
Panagachie,Ene
Veta,Albu
Alis,Diaconu
Albert,Eftimie
Lorelei,Oprea
Ionică,Gheorghiu
Tudosia,Florea
Aglaia,Popescu
Vasile,Florea
Amelia,Marin
Iolanda,Georgescu
Timea,Marin
Zamfira,Suciu
Bernard,Popescu
Ghenadie,Suciu
Ica,Dochioiu
Stela,Marin
Brândușa,Suciu
Emanuel,Dochioiu
Mugurel,Dima
Emanuel,Popa
Constanța,Stan
Mircea,Voinea
Nadia,Georgescu
Aglaia,Nistor
Amalia,Ioniță
Eremia,Toma
Clarisa,Popescu
Gabriel,Dobre
Beniamin,Tudor
Clementina,Nistor
Gheorghe,Preda
Giorgiana,Ionescu
Constantina,Manole
Camil,Eftimie
Leonard,Stan
Ioanina,Pop
Mihaela,Marin
Nicodim,Popa
Marilena,Stancu
Nechifor,Tomescu
Dida,Diaconu
Horațiu,Preda
Saveta,Manole
Paulica,Voinea
Julieta,Ababei
Iolanda,Dima
Angela,Tomescu
Floarea,Marin
Ștefan,Barbu
Dumitrana,Dumitrescu
Anaida,Mazilescu
Beatrice,Mocanu
Pompiliu,Stan
Sorina,Preda
Draga,Popescu
Silviana,Diaconescu
Floarea,Dobre
Sabrina,Dumitrescu
Jenel,Diaconu
Grațiana,Mazilescu
Valeria,Dinu
Albert,Ene
Mirona,Niță
Petrișor,Ardelean
Andrian,Diaconu
Valeria,Dima
Dida,Aanei
Timea,Aanei
Cristobal,Dumitrescu
Vasile,Popa
Todor,Mazilescu
Andrei,Dumitrescu
Aurelian,Nistor
Luiza,Nistor
Nicolae,Dinu
Ghiță,Nistor
Maia,Oprea
Eusebiu,Ioniță
Dorin,Eftimie
Robertina,Ababei
Renata,Stănescu
Caterina,Georgescu
Filofteia,Gheorghiu
Simi,Tabacu
Flavia,Popa
Ionel,Stan
Clara,Toma
Sebastian,Gheorghiu
Loredana,Barbu
Andra,Gheorghiu
Lorin,Stancu
Viorela,Dinu
Iuliana,Stancu
Anghel,Aanei
Nidia,Tabacu
Sebastian,Georgescu
Visarion,Manole
Vicenția,Popa
Luminița,Popa
Mihai,Ene
Aurelia,Ionescu
Cristea,Stancu
Valentina,Dochioiu
Sofia,Ioniță
Lioara,Mazilescu
Fiodor,Oprea
Emilian,Eftimie
Brăduț,Ababei
Albertina,Nemeș
Zamfir,Dima
Gheorghiță,Tudor
Mirela,Marin
Ortansa,Stoica
Demetra,Stan
Lorelei,Stoica
Iustin,Stănescu
Mădălin,Popa
Tiberia,Popa
Emilia,Oprea
Daniel,Nistor
Sava,Oprea
Georgia,Stan
Eufrosina,Stancu
Iris,Popescu
Catrina,Florea
Eftimie,Nistor
Dorian,Toma
Monica,Preda
Iustinian,Stănescu
Vladimir,Niță
Dumitra,Barbu
Avram,Nemeș
Costel,Ardelean
Olimpian,Preda
Liana,Stănescu
Veniamin,Voinea
Narcis,Niță
Filip,Aanei
Zenobia,Stănescu
Leopoldina,Manole
Vlădelina,Niță
Gelu,Dobre
Corneliu,Dumitrescu
Mirela,Mocanu
Olimpia,Ioniță
Luiza,Manole
Aglaia,Gheorghiu
Janina,Stoica
Maria,Voinea
Panagachie,Nemeș
Mărioara,Cristea
Ionică,Stan
Letiția,Stan
Radu,Dumitrescu
Doru,Dochioiu
Dorian,Marin
Nadia,Nemeș
Ștefana,Ene
Codruț,Nemeș
Leopoldina,Nemeș
Valeria,Nistor
Vicenția,Cristea
Mădălina,Albu
Niculina,Dochioiu
Vlaicu,Popa
Filip,Stănescu
Eleonora,Dobre
Filofteia,Florea
Iasmina,Popa
Aristița,Nistor
Albertina,Popa
Casiana,Marin
Dalia,Pop
Eduard,Popescu
Sabrina,Popescu
Saveta,Dumitrescu
Ariana,Nistor
Semenica,Pop
Stana,Niță
Dacian,Dima
Sabina,Barbu
Mădălina,Niță
Bănel,Ababei
Ciprian,Suciu
Severina,Stoica
Teodor,Nistor
Vladimir,Cristea
Marian,Barbu
Antonela,Ene
Sergiu,Florea
Timotei,Voinea
Izabela,Tomescu
Sandu,Ioniță
Barbu,Popa
Ovidiu,Preda
Sabina,Cristea
Steluța,Aanei
Agnos,Georgescu
Raul,Cristea
Ariadna,Dobre
Felicia,Ioniță
Rafila,Suciu
Nicoară,Toma
Dorel,Dochioiu
Fiodor,Tudor
Frusina,Eftimie
Alma,Oprea
Leordean,Florea
Paulica,Manole
Delia,Toma
Paulina,Dima
Luca,Manole
Daciana,Pop
Aureliana,Ene
Ada,Ababei
Adela,Diaconescu
Gelu,Ene
Ion,Ababei
Iulian,Ionescu
Ștefana,Barbu
Anton,Diaconescu
Florentina,Dochioiu
Vladimir,Georgescu
Mădălina,Suciu
Cornel,Ionescu
Florica,Popescu
Fiodor,Stoica
Costin,Cristea
Antim,Ionescu
Ionică,Nistor
Ovidiu,Barbu
Ioanina,Voinea
Ionela,Cristea
Erica,Tabacu
Cristea,Marin
Emanoil,Stoica
Anaida,Ionescu
Ionelia,Popa
Lavinia,Manole
Leopoldina,Aanei
Ancuța,Popescu
Aurel,Aanei
Cristian,Mazilescu
Traian,Albu
Tiberiu,Manole
Ligia,Ionescu
Victoria,Gheorghiu
Antonie,Ioniță
Diana,Diaconescu
Mirela,Nistor
Marinela,Tabacu
Ilona,Ioniță
Alis,Diaconu
Daniela,Pușcașu
Zenobia,Georgescu
Doriana,Nistor
Ivan,Tomescu
Antonela,Stoica
Flaviu,Tomescu
Roxelana,Albu
Dumitra,Voinea
Romulus,Marin
Iasmina,Niță
Gabriel,Dinu
Steliana,Diaconu
Stana,Albu
Martin,Niță
Teodor,Popa
Barbu,Cristea
Ada,Ioniță
Maxim,Mocanu
Dan,Preda
Mitică,Tabacu
Ariana,Nistor
Ozana,Popa
Ștefania,Manole
Eugenia,Diaconu
Marga,Diaconu
Aleodor,Florea
Lucențiu,Voinea
Fiona,Nemeș
Valter,Pușcașu
Steluța,Nistor
Ilarie,Pușcașu
Viorela,Tomescu
Iosefina,Georgescu
Alis,Ababei
Codruța,Ene
Severin,Dinu
Ludovic,Georgescu
Sorina,Eftimie
Stan,Dochioiu
Cazimir,Mocanu
Gabi,Ardelean
Felicia,Tabacu
Virginia,Suciu
Grațian,Nemeș
Marina,Ionescu
Bebe,Dinu
Ilarie,Florea
Melina,Niță
Silvana,Pușcașu
Vlaicu,Voinea
Robert,Tabacu
Antonie,Suciu
Bănel,Ioniță
Panagachie,Gheorghiu
Filofteia,Dima
Gicu,Barbu
Codrina,Stancu
Lică,Dima
Cecilia,Ababei
Emil,Mocanu
Paula,Mazilescu
Eduard,Stoica
Alina,Ene
Ica,Toma
Adina,Mocanu
Emanuel,Mazilescu
Ilie,Eftimie
Silviana,Preda
Emanuel,Albu
Gianina,Dochioiu
Emilia,Nistor
Eusebia,Florea
Iosefina,Dima
Georgiana,Albu
Janina,Voinea
Arsenie,Albu
Gelu,Dinu
Eremia,Ioniță
Cristea,Dochioiu
Brândușa,Preda
Corneliu,Stoica
Heracleea,Nistor
Sabina,Diaconu
Anemona,Nemeș
Olivia,Pop
Ica,Suciu
Radu,Eftimie
Amanda,Voinea
Mirabela,Eftimie
Steliana,Tudor
Emanoil,Mazilescu
Florin,Ababei
Clara,Diaconu
Mirona,Albu
David,Florea
Elvira,Tabacu
Andrei,Dinu
Ligia,Barbu
Mihnea,Tudor
Gianina,Tabacu
Iulian,Stoica
Arina,Oprea
Ada,Marin
Theodor,Dumitrescu
Cipriana,Popa
Adelin,Ionescu
Antoniu,Gheorghiu
Cosmina,Stănescu
Lelia,Tudor
Teofil,Barbu
Rafila,Pop
Eusebiu,Ene
Gică,Stănescu
Maria,Tabacu
Petronela,Popescu
Voicu,Toma
Mirona,Tabacu
Andrei,Stan
Veronica,Georgescu
Daniel,Georgescu
Fabian,Popescu
Paulina,Ababei
Fiodor,Ioniță
Vera,Ioniță
Cantemir,Preda
Iancu,Tomescu
Mitruț,Tabacu
Ilarion,Ene
Haralambie,Niță
Silvian,Dobre
Adela,Tomescu
Eremia,Popescu
Anca,Nistor
Alin,Popescu
Mădălina,Diaconescu
Vladimir,Preda
Gică,Dochioiu
Eliana,Gheorghiu
Corvin,Eftimie
Vlad,Dinu
Melania,Nistor
Ionelia,Tudor
Constantina,Diaconu
Eremia,Suciu
Anemona,Ababei
Flora,Preda
Ilinca,Niță
Eusebiu,Mocanu
Ariana,Mazilescu
Filip,Stănescu
Pamfil,Preda
Manole,Nemeș
Antoaneta,Ababei
Tinca,Suciu
Oana,Preda
Georgiana,Ababei
Norman,Ardelean
Ioanina,Suciu
Didina,Pop
Alexandra,Voinea
Gică,Nistor
Cătălina,Niță
Adelaida,Dima
Floriana,Voinea
Astrid,Popescu
Alexandru,Dinu
Alexandra,Mocanu
Lia,Tudor
Anișoara,Stancu
Delia,Dumitrescu
Filip,Stoica
Titus,Preda
Flora,Florea
Manole,Popescu
Paul,Preda
Marilena,Stoica
Luana,Ene
Renata,Florea
Salomea,Pop
Matilda,Dumitrescu
Malvina,Nistor
Erica,Marin
Milena,Pușcașu
Iasmina,Mazilescu
Felix,Stan
Ionelia,Georgescu
Otilia,Oprea
Stana,Ardelean
Artemisa,Tabacu
Emanuela,Ardelean
Florentina,Dinu
Emil,Cristea
Dochia,Georgescu
Iosif,Tomescu
Tincuța,Ene
Demetra,Manole
Aurel,Mazilescu
Nicodim,Ene
Nechifor,Popa
Adelina,Ioniță
Emanuil,Aanei
Codruța,Aanei
Ianis,Pop
Cristofor,Suciu
Olivia,Manole
Anton,Stan
Natașa,Manole
Aurica,Tabacu
Darius,Popa
Dorin,Toma
Malvina,Gheorghiu
Eftimia,Tudor
Ștefana,Manole
Emanuela,Mocanu
Agata,Dumitrescu
Stan,Ababei
Bănel,Mazilescu
Rada,Aanei
Ștefania,Preda
Viviana,Eftimie
Marcela,Dobre
Iasmina,Diaconu
Zina,Toma
Renata,Cristea
Gelu,Barbu
Mălina,Stancu
Antonela,Gheorghiu
Frusina,Mazilescu
Brândușa,Stan
Vasilica,Tabacu
Elisabeta,Mazilescu
Tudora,Nistor
Alexandra,Manole
Matilda,Diaconescu
Vincențiu,Ardelean
Elisaveta,Oprea
Leontin,Marin
Barbu,Dinu
Gelu,Stan
Rica,Popescu
Iuliu,Diaconu
Arsenie,Popescu
Mara,Florea
Antim,Dobre
Robert,Toma
Angela,Ioniță
Ludovica,Dinu
Teea,Nemeș
Elisaveta,Ababei
Mitruț,Dumitrescu
Minodora,Stănescu
Bogdana,Georgescu
Antoaneta,Popa
Silvian,Toma
Monalisa,Dinu
Zaharia,Diaconescu
Fiona,Manole
Cristian,Oprea
Lucrețiu,Ioniță
Flaviu,Preda
Mugur,Niță
Melania,Cristea
Romulus,Nistor
Iustin,Cristea
Eugen,Cristea
Suzana,Diaconu
Ion,Nistor
Antim,Tabacu
Romina,Mocanu
Ilie,Dumitrescu
Aida,Florea
Despina,Dumitrescu
Bogdan,Tabacu
Simina,Georgescu
Cleopatra,Ardelean
Eusebia,Oprea
Cristian,Tabacu
Xenia,Nistor
Cezara,Oprea
Maxim,Diaconu
Mitică,Voinea
Sânziana,Ababei
Maria,Ene
Lili,Tudor
Edmond,Ene
Larisa,Dobre
Mina,Suciu
Costin,Oprea
Iustina,Mocanu
Codrina,Georgescu
Marian,Popescu
Haralambie,Stan
Mădălin,Pop
Corina,Niță
Olimpiu,Stănescu
Ion,Dumitrescu
Daniel,Dochioiu
Adina,Pop
Atena,Ardelean
Cantemir,Marin
Aleodor,Diaconescu
Ruxanda,Ionescu
Zaraza,Ionescu
Ioanina,Nemeș
Irinel,Ene
Iridenta,Mazilescu
Dorin,Nemeș
Alida,Mocanu
Florin,Niță
Veta,Stănescu
Roxana,Manole
Octavia,Niță
Manuela,Ionescu
Tincuța,Ababei
Iustin,Dochioiu
Adelin,Pop
Liliana,Pop
Lidia,Stan
Visarion,Tabacu
Diana,Barbu
Claudiu,Pop
Giorgiana,Voinea
Voicu,Preda
Alma,Dima
Stan,Tomescu
Gregorian,Voinea
David,Popa
Nadia,Pop
Arina,Ioniță
Maricica,Mocanu
Cristian,Cristea
Dacian,Preda
Mihaela,Dobre
Haralamb,Gheorghiu
Pompiliu,Ioniță
Beatrice,Dobre
Martin,Dobre
Norica,Stănescu
Rafael,Mocanu
Timea,Oprea
Mărioara,Pop
Dumitrana,Suciu
Lia,Gheorghiu
Barbu,Manole
Eustațiu,Popa
Daniel,Cristea
Tiberia,Preda
Mugur,Mazilescu
Cristian,Florea
Veronica,Tabacu
Pompilia,Toma
Otilia,Stoica
Emanuil,Voinea
Casian,Stancu
Sânziana,Mazilescu
Diana,Cristea
Eusebia,Ardelean
Carina,Albu
Ilie,Preda
Barbu,Dima
Simina,Gheorghiu
Fiona,Stan
Robertina,Diaconu
Codruța,Ene
Marilena,Tudor
Sava,Diaconu
Bartolomeu,Dumitrescu
Ina,Dochioiu
Lorin,Niță
Corvin,Ionescu
Răzvan,Voinea
Anișoara,Tabacu
Monica,Ardelean
Edgar,Suciu
Amalia,Diaconescu
Ionică,Marin
Casiana,Dumitrescu
Lidia,Stan
Gelu,Barbu
Atena,Popescu
Iurie,Toma
Matilda,Dumitrescu
Dorian,Popa
Măriuca,Voinea
Narcisa,Marin
Severina,Stănescu
Petrișor,Diaconescu
Mădălina,Pop
Rica,Tomescu
Eugen,Georgescu
Isabela,Dochioiu
Iris,Toma
Lidia,Florea
Alexandra,Tudor
Denis,Diaconescu
Dariana,Popescu
Florica,Nistor
Emil,Tabacu
Anuța,Pușcașu
Mihai,Dumitrescu
George,Dinu
Avram,Aanei
Monalisa,Preda
Pleșu,Pop
Casian,Tomescu
Cedrin,Preda
Astrid,Stoica
Aristița,Gheorghiu
Margareta,Manole
Albertina,Suciu
Ina,Florea
Ionela,Niță
Larisa,Ene
Ica,Mazilescu
Melina,Gheorghiu
Anaida,Suciu
Lavinia,Diaconu
Nelu,Dima
Edmond,Ioniță
Aleodor,Ababei
Ludmila,Ardelean
Geta,Georgescu
Ludovica,Ene
Frusina,Voinea
Catrina,Manole
Ariana,Pușcașu
Corvin,Dochioiu
Augustin,Toma
Jana,Niță
Antoniu,Manole
Arian,Georgescu
Melania,Niță
Amedeu,Barbu
Zoe,Ioniță
Simion,Manole
Voichița,Pușcașu
Norica,Stănescu
Silviana,Preda
Felix,Stancu
Ilona,Voinea
Horea,Dobre
Petrică,Preda
Cosmin,Tabacu
Cerasela,Ene
Relu,Mazilescu
Amza,Diaconu
Tiberiu,Niță
Natașa,Stancu
Paraschiva,Albu
Grațian,Barbu
Livia,Voinea
Ecaterina,Dima
Filip,Marin
Rebeca,Popa
Eduard,Nemeș
Dochia,Dobre
Irina,Stoica
Camelia,Ababei
Doru,Ene
Valeriu,Gheorghiu
Leopoldina,Popa
Florentina,Pop
Eremia,Dima
Mariana,Dumitrescu
Catrinel,Popa
Clarisa,Mazilescu
Aurica,Mocanu
Geta,Albu
Amza,Stoica
Paula,Mazilescu
Aglaia,Ioniță
Andrada,Georgescu
Narcis,Gheorghiu
Emilian,Diaconu
Narcisa,Dima
Eva,Stan
Lucreția,Stoica
Cornel,Dobre
Ilinca,Ardelean
Estera,Toma
Valentina,Ionescu
Lelia,Pop
Adela,Stănescu
Stelian,Oprea
Bogdana,Stan
Dida,Dinu
Amanda,Ardelean
Dina,Voinea
Iurie,Ababei
Gică,Georgescu
Adelaida,Pușcașu
Ion,Popa
Teodor,Ionescu
Ilona,Mazilescu
Gina,Tabacu
Voichița,Stănescu
Ionelia,Nistor
Laurențiu,Stoica
Sidonia,Pop
Relu,Ioniță
Nicuță,Stan
Anuța,Stancu
Giorgiana,Barbu
Mitică,Ababei
Stanca,Stănescu
Irinel,Pușcașu
Ernest,Dumitrescu
Aristița,Cristea
Aurel,Gheorghiu
Simion,Pop
Antoniu,Aanei
Ozana,Oprea
Georgel,Albu
Niculina,Niță
Dorli,Gheorghiu
Răducu,Mocanu
Octavian,Florea
Draga,Barbu
Aurică,Dobre
Edgar,Stănescu
Lavinia,Mazilescu
Caterina,Voinea
Traian,Nistor
Octaviu,Niță
Fabiana,Mocanu
Matei,Mazilescu
Teodora,Ioniță
Sofia,Florea
Jenel,Dumitrescu
Panait,Georgescu
Măriuca,Nistor
Bănel,Ardelean
Tudor,Gheorghiu
Nicodim,Florea
Eric,Florea
Damian,Tabacu
Narcis,Ioniță
Lavinia,Ioniță
Antonie,Diaconescu
Stana,Nistor
Filofteia,Stan
Anuța,Niță
Narcis,Pușcașu
Ștefania,Barbu
Anca,Ardelean
Todor,Ardelean
Corina,Niță
Angel,Ene
Clara,Gheorghiu
Dalia,Diaconu
Iulian,Nemeș
Ligia,Barbu
Anuța,Pușcașu
Andrada,Ene
Marcel,Albu
Violeta,Niță
Tudorița,Popescu
Zamfira,Georgescu
Lelia,Popescu
Adi,Popescu
Flaviu,Dima
Ciprian,Tudor
Frusina,Tomescu
Lili,Suciu
Zeno,Georgescu
Agnos,Dumitrescu
Andra,Tomescu
Aida,Ioniță
Fabia,Niță
Florin,Cristea
Demetra,Voinea
Betina,Ene
Patricia,Ababei
Fabia,Nistor
Albert,Dinu
Melania,Aanei
Voicu,Toma
Gabriela,Marin
Vlaicu,Dima
Carmen,Florea
Cezar,Dumitrescu
Cezara,Florea
Irinel,Manole
Zaraza,Dumitrescu
Antoaneta,Ionescu
Gheorghiță,Popa
Cristea,Voinea
Ina,Mocanu
Florentina,Dinu
Ozana,Tudor
Andreea,Ababei
Livia,Tabacu
Xenia,Ababei
Sandu,Tabacu
Loredana,Barbu
Cazimir,Cristea
Augustin,Ene
Eugen,Dinu
Iulia,Ardelean
Grațiana,Ioniță
Robert,Marin
Iacob,Oprea
Nicușor,Nistor
Carmen,Ene
Marcel,Dima
Saveta,Suciu
Anghelina,Dumitrescu
Eliza,Ardelean
Severina,Nemeș
Maxim,Nemeș
Gherghina,Ionescu
Ivona,Toma
Catrina,Pop
Manuela,Dinu
Aida,Tabacu
Astrid,Stancu
Iridenta,Popa
Ducu,Dumitrescu
Caterina,Niță
Suzana,Suciu
Anghel,Ionescu
Leonard,Tomescu
Larisa,Marin
Nicodim,Dima
Călin,Dima
Raluca,Dobre
Bucur,Suciu
Ciprian,Pușcașu
Liviu,Diaconu
Sorin,Dinu
Timotei,Toma
Iosif,Stan
Dochia,Marin
Corina,Suciu
Ducu,Pușcașu
Marta,Georgescu
Luminița,Oprea
Maria,Nistor
Martin,Mocanu
Georgeta,Georgescu
Victoria,Ardelean
Maia,Ioniță
Catinca,Nistor
Vlad,Dumitrescu
Mădălin,Ioniță
Achim,Mazilescu
Ilie,Gheorghiu
Rozalia,Dumitrescu
Jean,Dima
Agata,Mazilescu
Anastasia,Georgescu
Stela,Pop
Adi,Mazilescu
Lorin,Diaconu
Silvia,Manole
Silvia,Stancu
Sava,Mocanu
Georgiana,Pop
Tatiana,Dochioiu
Alma,Stancu
Paraschiva,Stoica
Robertina,Preda
Constanța,Nistor
Marius,Dobre
Cătălina,Pușcașu
Petre,Nistor
Sorana,Barbu
Dinu,Mazilescu
Virginia,Popa
Valter,Niță
Simi,Dobre
Petrică,Popescu
Florentina,Dochioiu
Vasilica,Popa
Maximilian,Suciu
Amza,Diaconu
Petrică,Tabacu
Aura,Ardelean
Octaviana,Stancu
Simion,Stan
Marcu,Mocanu
Voichița,Pușcașu
Mona,Niță
Adelaida,Ene
Ernest,Suciu
Arsenie,Ene
Dominic,Oprea
Narcisa,Diaconescu
Cerasela,Popa
Coralia,Dobre
Antonie,Florea
Paraschiva,Dima
Isabela,Popescu
Cipriana,Cristea
Tudora,Diaconu
Adina,Preda
Antonela,Florea
Nicuță,Mocanu
Alexandru,Dumitrescu
Lucia,Aanei
Alis,Suciu
Alexandrina,Nemeș
Cosmin,Dinu
Panait,Dima
Fabian,Stan
David,Nistor
Romanița,Suciu
Marga,Tomescu
Darius,Mazilescu
Vanesa,Dima
Ilarion,Ababei
Iolanda,Ene
Dacian,Voinea
Ligia,Gheorghiu
Gabriel,Ioniță
Iris,Popa
Paula,Toma
Theodor,Popescu
Casiana,Manole
Sabina,Barbu
Matilda,Tudor
Dorina,Diaconescu
Zina,Georgescu
Ionelia,Stan
Relu,Niță
Paula,Manole
Dafina,Ardelean
Safta,Niță
Anton,Nistor
Nicuță,Tomescu
Eftimie,Gheorghiu
Cleopatra,Diaconu
Ramona,Barbu
Radu,Diaconescu
Barbu,Ionescu
Dina,Nistor
Eftimie,Cristea
Leopoldina,Oprea
Anastasia,Florea
Haralambie,Dochioiu
Ivan,Eftimie
Sabrina,Niță
Teona,Ioniță
Teodosia,Cristea
Tudosia,Stancu
Silviu,Niță
Ariadna,Stancu
Janeta,Dumitrescu
Matei,Dumitrescu
Coralia,Florea
Blanduzia,Gheorghiu
Elisaveta,Popa
Lazăr,Nistor
Ludovic,Preda
Cristobal,Stănescu
Stanca,Barbu
Norica,Tudor
Gicu,Diaconu
Olivia,Diaconescu
Laurenția,Pușcașu
Filip,Oprea
Angel,Oprea
Nicolaie,Manole
Marina,Albu
Matei,Florea
Manuela,Popa
Manole,Pușcașu
Dacian,Ene
Manuela,Eftimie
Viorica,Popa
Fiodor,Eftimie
Beniamin,Stan
Antonie,Ionescu
Vladimir,Voinea
Sergiu,Dinu
Simona,Toma
Ionică,Marin
Costache,Eftimie
Maximilian,Diaconescu
Anatolie,Suciu
Tudorița,Popa
Miruna,Nemeș
Aristița,Niță
Viorica,Ababei
Valeria,Ardelean
Daniel,Dobre
Petronela,Suciu
Smaranda,Suciu
Teodora,Popa
Dumitru,Manole
Sandu,Ardelean
Romanița,Tudor
Nicoleta,Diaconu
Lia,Dinu
Anton,Toma
Georgel,Dobre
Dalia,Albu
Lioara,Tabacu
Anemona,Pop
Barbu,Oprea
Fabia,Ene
Fabia,Mazilescu
Valeriu,Ioniță
Sava,Preda
Ioana,Stancu
Petre,Ardelean
Constantina,Aanei
Speranța,Popa
Emanuel,Nistor
Theodor,Eftimie
Georgiana,Diaconu
Liviu,Tomescu
Tamara,Nemeș
Nae,Dima
Ioanina,Marin
Teofil,Stănescu
Valeriu,Mocanu
Aneta,Mocanu
Ilarion,Popa
Mihail,Tabacu
Augustina,Manole
Eremia,Dochioiu
Nora,Ababei
Lucrețiu,Pușcașu
Petrică,Stancu
Zeno,Toma
Zamfira,Stănescu
Iuliu,Pușcașu
Savina,Toma
Iustinian,Stănescu
Marcu,Nistor
Caterina,Toma
Achim,Dumitrescu
Titus,Eftimie
Sinică,Voinea
Amanda,Pușcașu
Paula,Mazilescu
Amanda,Stancu
Alexe,Dima
Cantemir,Manole
Cazimir,Georgescu
Timotei,Gheorghiu
Eusebia,Voinea
Anca,Stoica
Venera,Nistor
Pavel,Georgescu
Liana,Ardelean
Bernard,Dumitrescu
Lazăr,Albu
Marcheta,Eftimie
Alexe,Cristea
Alexandra,Marin
Emil,Aanei
Mihai,Stănescu
Fiodor,Popa
Beatrice,Pop
Leonard,Nistor
Eftimie,Toma
Nicoleta,Eftimie
Fabia,Tabacu
Șerban,Georgescu
Fabiana,Preda
Jana,Dumitrescu
Cristobal,Ardelean
Marioara,Dima
Sinică,Florea
Georgeta,Dobre
Inocențiu,Ababei
Petru,Popa
Paula,Oprea
Nechifor,Dima
Simion,Cristea
Inocențiu,Dinu
Ina,Ioniță
Bogdana,Toma
Sânziana,Mocanu
David,Mazilescu
Elena,Aanei
Eleonora,Barbu
Anabela,Dochioiu
Denis,Popescu
Valeria,Diaconu
Daiana,Mazilescu
Renata,Dima
Eremia,Dima
Ion,Stan
Fiona,Ionescu
Vera,Stănescu
Manole,Marin
Roberta,Nemeș
Constantina,Marin
Angel,Diaconescu
Cerasela,Ioniță
Rada,Dumitrescu
Codrin,Pușcașu
Denisa,Suciu
Eusebia,Ene
Carol,Pușcașu
Georgel,Voinea
Sinică,Eftimie
Stelian,Dobre
Monalisa,Toma
Cătălin,Popa
Brăduț,Dima
Iustinian,Diaconescu
Saveta,Stănescu
Casian,Stoica
Cedrin,Diaconescu
Doina,Suciu
Isabela,Cristea
Sinică,Mazilescu
Lidia,Ardelean
Carmina,Pop
Constanța,Nistor
Lorena,Aanei
Răzvan,Nistor
Aurică,Pușcașu
Cosmin,Barbu
Eustațiu,Stoica
Voicu,Barbu
Anamaria,Gheorghiu
Elisabeta,Florea
Rebeca,Pop
Gina,Ardelean
Draga,Suciu
Flora,Pușcașu
Inocențiu,Cristea
Gică,Diaconu
Edmond,Stoica
Nicodim,Georgescu
Nicu,Mocanu
Aura,Mocanu
Dina,Dima
Cristea,Nistor
Gabriel,Stoica
Petrică,Suciu
Vanesa,Preda
Dida,Nistor
Tincuța,Dumitrescu
Eliana,Dobre
Ioana,Ioniță
Ana,Stan
Maia,Voinea
Norman,Dumitrescu
Octaviu,Tomescu
Sonia,Albu
Rareș,Barbu
Aurel,Ardelean
Andra,Mocanu
Bartolomeu,Popescu
Aurel,Eftimie
Livia,Tudor
Daria,Nistor
Voichița,Cristea
Martin,Diaconu
Varvara,Tabacu
Floriana,Tomescu
Filip,Eftimie
Giorgian,Pop
Cerasela,Pușcașu
Emil,Mazilescu
Severin,Stoica
Gianina,Dumitrescu
Constantin,Stancu
Svetlana,Mocanu
Tudorița,Ionescu
Lucrețiu,Popa
Severina,Preda
Grigore,Nistor
Sorina,Tabacu
Lucia,Mocanu
Zina,Popescu
Anamaria,Albu
Marcu,Oprea
Georgiana,Dobre
Loredana,Pușcașu
Traian,Ababei
Grigore,Barbu
Timotei,Popa
Antoaneta,Ardelean
Stancu,Popescu
Renata,Ioniță
Ioanina,Georgescu
Ruxandra,Dobre
Gina,Ene
Marcu,Cristea
Sabrina,Cristea
Andrian,Dochioiu
Vasilică,Suciu
Carmina,Cristea
Bebe,Stoica
Aurel,Tudor
Paul,Popescu
Nicolaie,Barbu
Avram,Stănescu
Marin,Nistor
Marina,Cristea
Cezara,Mocanu
Delia,Stancu
Paulica,Mazilescu
Miron,Mazilescu
Viorel,Aanei
Tania,Georgescu
Cipriana,Mocanu
Lia,Diaconescu
Otilia,Eftimie
Ruxanda,Toma
Aureliana,Manole
Mariana,Dima
Dumitrana,Marin
Manuela,Mazilescu
Anatolie,Ioniță
Smaranda,Ardelean
Codruța,Diaconu
Laurenția,Dima
Dacian,Ardelean
Lia,Preda
Amalia,Mazilescu
Bogdana,Preda
Fiona,Dima
Steluța,Niță
Georgel,Mocanu
Iulia,Cristea
Liliana,Tabacu
Alin,Ioniță
Ionel,Ioniță
Alin,Ababei
Grațian,Tudor
Artemisa,Tudor
Octavia,Ionescu
Patricia,Dima
Iustin,Albu
Sofia,Stoica
Florentin,Nemeș
Otilia,Eftimie
Olimpia,Dima
Sidonia,Preda
Ada,Preda
Dochia,Mazilescu
Ianis,Stan
Ada,Niță
Dan,Preda
Jan,Albu
Veta,Ardelean
Grațiela,Dinu
Roxana,Nistor
Lăcrămioara,Aanei
Francesca,Aanei
Alistar,Toma
Eusebiu,Ababei
Dragoș,Diaconu
Didina,Stănescu
Adrian,Nistor
Sonia,Pop
Carina,Dochioiu
Costache,Albu
Nae,Niță
Tatiana,Gheorghiu
Paulina,Tomescu
Cedrin,Oprea
Maricica,Mazilescu
Laurenția,Oprea
Cazimir,Stoica
Caterina,Manole
Adela,Nistor
Rafila,Florea
Eftimia,Pușcașu
Anghelina,Oprea
Ozana,Tabacu
Atena,Tomescu
Gherghina,Tabacu
Radu,Nistor
Safta,Florea
Svetlana,Toma
Saveta,Dima
Gabi,Stan
Aureliana,Ababei
Olivia,Barbu
Zaraza,Niță
Lascăr,Ene
Mirona,Mocanu
Codruța,Aanei
Tincuța,Ionescu
Ghenadie,Cristea
Aura,Diaconu
Niculiță,Nistor
Nicolaie,Toma
Niculiță,Mazilescu
Albert,Stănescu
Leontina,Dima
Smaranda,Aanei
Anabela,Tudor
Fiona,Pușcașu
Eusebia,Dumitrescu
Dana,Preda
Raul,Dinu
Adam,Popa
Robertina,Marin
Ioanina,Popa
Eusebiu,Preda
Sever,Mocanu
Dida,Ionescu
Caius,Dinu
Casandra,Dima
Carla,Marin
Floarea,Suciu
Mihai,Tudor
Lăcrămioara,Eftimie
Viviana,Albu
Victor,Popa
Codrin,Marin
Ligia,Ioniță
Georgeta,Tudor
Sorana,Dinu
Gheorghe,Dumitrescu
Ileana,Preda
Liviu,Georgescu
Anton,Aanei
Damian,Toma
Ligia,Ardelean
Cleopatra,Nemeș
Alexe,Suciu
Veronica,Pușcașu
Olivia,Diaconescu
Eric,Stănescu
Profira,Stancu
Hortensia,Ioniță
Steluța,Ardelean
Nicoară,Dinu
Veronica,Georgescu
Victoria,Diaconescu
Iacob,Mocanu
Anca,Dochioiu
Carina,Stancu
Paulina,Diaconu
Ilarion,Stoica
Tudosia,Pop
Narcis,Tudor
Cedrin,Stănescu
Bianca,Oprea
Cerasela,Albu
Marioara,Nemeș
Aristița,Dinu
Ștefan,Diaconu
Celia,Georgescu
Domnica,Nistor
Călin,Georgescu
Dan,Preda
Flavia,Ioniță
Victoria,Suciu
Vlad,Albu
Luminița,Georgescu
Romeo,Mazilescu
Manuela,Florea
Darius,Toma
Cerasela,Pop
Nae,Manole
Angel,Tomescu
Codruța,Dobre
Codin,Dochioiu
Ariana,Oprea
Dafina,Stancu
Grațiela,Barbu
Elisabeta,Mocanu
Adriana,Florea
Teofil,Nemeș
Florian,Barbu
Dana,Dobre
Ruxanda,Tudor
Dorin,Nemeș
Ruxandra,Stan
Ionuț,Stoica
Eusebiu,Diaconescu
Ghenadie,Voinea
Codin,Dima
Narcisa,Gheorghiu
Alberta,Tabacu
Aurelian,Mocanu
Visarion,Dochioiu
Arina,Ene
Călin,Diaconescu
Iustinian,Albu
Lucențiu,Stoica
Damian,Dima
Gențiana,Aanei
Ioanina,Tomescu
Maria,Oprea
Petru,Toma
Teofil,Ababei
Tinca,Dumitrescu
Cipriana,Aanei
Anuța,Preda
Mădălina,Mazilescu
Marta,Stănescu
Monica,Niță
Beatrice,Pușcașu
Olimpian,Preda
Mitruț,Cristea
Cornelia,Mocanu
Manuela,Diaconu
Gabi,Aanei
Valter,Pop
Luminița,Cristea
Maxim,Dochioiu
Eduard,Manole
Emilia,Marin
Camelia,Mazilescu
Melania,Marin
Bartolomeu,Diaconu
Panagachie,Tudor
Iacob,Tudor
Olga,Ioniță
Fabian,Stănescu
Vincențiu,Ababei
Călin,Stănescu
Gheorghe,Voinea
Ioanina,Diaconu
Iustina,Cristea
Larisa,Popescu
Paulina,Popescu
Haralamb,Nemeș
Emilia,Pușcașu
Sorina,Ababei
Fiodor,Ardelean
Despina,Albu
Severina,Voinea
Ada,Diaconu
Gheorghiță,Ababei
Ioana,Niță
Noemi,Ene
Georgiana,Popa
Ionuț,Florea
Pamfil,Barbu
Fabian,Tomescu
Florea,Stoica
Manole,Stoica
Frusina,Nistor
Tamara,Dinu
Ivan,Preda
Jeana,Ababei
Nicoară,Marin
Didina,Ionescu
Elena,Toma
Voicu,Ene
Cezara,Pușcașu
Corina,Toma
Andrada,Tudor
Ariadna,Suciu
Carina,Marin
Eva,Dinu
Fiona,Ene
Bianca,Toma
Cornel,Mazilescu
Crenguța,Cristea
Evelina,Popa
Ica,Gheorghiu
Anica,Dinu
Silvia,Tudor
Leopoldina,Albu
Dorel,Dima
Călin,Niță
Veta,Georgescu
Costache,Oprea
Veronica,Stan
Dimitrina,Toma
Georgia,Stan
Florina,Pop
Pompilia,Pușcașu
Grațiela,Stan
Emilia,Tabacu
Ștefana,Ardelean
Anemona,Stoica
Călin,Dochioiu
Frusina,Barbu
Amza,Popescu
Robertina,Georgescu
Ilinca,Ardelean
Iustina,Ardelean
Ieremia,Cristea
Marina,Mocanu
Octaviu,Pușcașu
Mara,Stănescu
Călin,Oprea
Iustina,Diaconescu
Sebastian,Toma
Alice,Nemeș
Iulian,Stan
Lorena,Cristea
Floriana,Popescu
Adam,Ardelean
Ofelia,Nemeș
Cristina,Dima
Petronela,Stănescu
Eftimia,Nemeș
Lia,Voinea
Stancu,Marin
Olimpiu,Barbu
Profira,Florea
Vicențiu,Nemeș
Nicolae,Ionescu
Livia,Ioniță
Francesca,Dinu
Marinela,Tabacu
Ilarie,Gheorghiu
Rafael,Albu
Mara,Pușcașu
Valeriu,Florea
Matei,Popescu
Mirabela,Dinu
Roxelana,Nemeș
Florin,Stoica
Iris,Dobre
Rodica,Stoica
Adina,Mocanu
Draga,Nistor
Clarisa,Mazilescu
Alberta,Cristea
Mugurel,Dobre
Catrina,Ene
Eusebia,Ababei
Zenovia,Ardelean
Crin,Cristea
Floarea,Nistor
Gelu,Niță
Catrina,Stan
Cleopatra,Marin
Leontina,Stănescu
Elena,Georgescu
Cristian,Stănescu
Alina,Tomescu
Albert,Ioniță
Tania,Niță
Paulica,Niță
Florina,Ioniță
Sinică,Ardelean
Amedeu,Barbu
Severin,Ene
Noemi,Toma
Caterina,Tabacu
Gabi,Stancu
Geta,Nistor
Anghelina,Dochioiu
Matilda,Pușcașu
Eliana,Stoica
Anemona,Diaconescu
Aristide,Georgescu
Anda,Mocanu
Marius,Toma
Ariana,Tomescu
Eftimie,Nemeș
Carina,Preda
Sabrina,Manole
Luca,Tomescu
Minodora,Marin
Henrieta,Dinu
Alina,Georgescu
Leontina,Mazilescu
Marcu,Cristea
Rodica,Georgescu
Crina,Florea
Milena,Barbu
Marcheta,Dima
Casiana,Pușcașu
Cătălina,Pop
Despina,Manole
Lavinia,Manole
Laurenția,Voinea
Eduard,Diaconescu
Iancu,Tudor
Arsenie,Tomescu
Iustina,Ardelean
Dragoș,Tudor
Emilian,Voinea
Alida,Cristea
Cristobal,Ardelean
Elisaveta,Dima
Marioara,Pop
Norica,Ionescu
Cosmin,Suciu
Eric,Marin
Zenobia,Tomescu
Iurie,Aanei
Magdalena,Ardelean
Antoniu,Nistor
Georgiana,Marin
Camil,Diaconescu
Sebastian,Pușcașu
Cătălina,Pop
Costache,Albu
Stan,Dobre
Erica,Suciu
Claudia,Tabacu
Eduard,Dima
Camil,Stancu
Simona,Dumitrescu
Georgiana,Barbu
Viorel,Preda
Iurie,Stan
Stana,Aanei
Savina,Popa
Evelina,Florea
Florea,Diaconu
Nora,Toma
Carmen,Tabacu
Victor,Manole
Dumitrana,Ardelean
Mara,Dima
Ghenadie,Florea
Octavian,Ioniță
Amanda,Diaconescu
Romanița,Nistor
Smaranda,Nemeș
Semenica,Barbu
Ladislau,Diaconu
Veniamin,Dima
Răzvan,Dumitrescu
Mihnea,Niță
Janina,Dumitrescu
Aureliana,Mocanu
Marinela,Tabacu
Filip,Eftimie
Stana,Mazilescu
Salomea,Mocanu
Doriana,Suciu
Steliana,Tabacu
Alistar,Niță
Mitică,Cristea
Liviu,Nistor
Filofteia,Popescu
George,Stănescu
Bianca,Dochioiu
Luiza,Dochioiu
Bartolomeu,Diaconu
Stelian,Georgescu
Otilia,Gheorghiu
Dina,Stancu
Lioara,Stan
Haralamb,Marin
Salomea,Pușcașu
Vasilică,Popa
Delia,Albu
Gianina,Popa
Julieta,Dumitrescu
Nicuță,Florea
Simina,Dobre
Sonia,Tabacu
Leonard,Nistor
Paulica,Voinea
Varvara,Dima
Geanina,Georgescu
Rebeca,Nistor
Luminița,Barbu
Gianina,Georgescu
Claudia,Pop
Iacob,Mocanu
Iosefina,Diaconu
Tudosia,Voinea
Ionela,Ababei
Teohari,Dobre
Antonie,Dinu
Bartolomeu,Pop
Anatolie,Stan
Benone,Tomescu
Stelian,Voinea
Alida,Marin
Viorel,Stoica
Zoe,Ababei
Mirela,Nistor
Laura,Preda
Teodora,Dima
Vasile,Nemeș
Grațian,Ababei
Dorinel,Popa
Hortensia,Preda
Erica,Mazilescu
Adelina,Pop
Alexandra,Tabacu
Veronica,Nistor
Monalisa,Popa
Gențiana,Ardelean
Anatolie,Ionescu
Alexandra,Dochioiu
Frusina,Diaconescu
Bănel,Pop
Eliza,Tudor
Lorelei,Voinea
Ina,Nistor
Daciana,Marin
Ladislau,Florea
Marta,Georgescu
Bernard,Dumitrescu
Rodica,Stoica
Laurențiu,Gheorghiu
Costel,Eftimie
Nicu,Voinea
Iustin,Manole
Draga,Mocanu
Iolanda,Barbu
Flavia,Ioniță
Aurică,Mocanu
Costin,Ionescu
Romulus,Dumitrescu
Olivia,Ene
Mădălin,Suciu
Florentin,Stancu
Dacian,Stoica
Ofelia,Dima
Horea,Popa
Manuela,Ababei
Aurelia,Tabacu
Noemi,Aanei
Ieremia,Cristea
Alexandrina,Eftimie
George,Preda
Felicia,Dumitrescu
Carmen,Tudor
Stelian,Oprea
Timotei,Ardelean
Georgia,Gheorghiu
Corvin,Georgescu
Ofelia,Diaconescu
Tinca,Gheorghiu
Ionelia,Georgescu
Atena,Nistor
Iustina,Manole
Iustinian,Stănescu
Andreea,Dobre
Codrina,Popa
Artemisa,Nistor
Floriana,Ababei
Iuliana,Popescu
Cerasela,Marin
Floarea,Ioniță
Vicenția,Marin
Cerasela,Florea
Ion,Stănescu
Pamfil,Dima
Sânziana,Tabacu
Andrian,Toma
Anemona,Oprea
Claudia,Stoica
Ionuț,Tomescu
Mădălina,Ionescu
Marinela,Diaconescu
Leonard,Mocanu
Daiana,Ene
Olimpia,Popa
Despina,Dima
Codruț,Nistor
Zenobia,Mazilescu
Mara,Ababei
Svetlana,Gheorghiu
Stan,Stoica
Petrică,Popa
Silvian,Ene
Doru,Diaconescu
Leonard,Nistor
Romina,Eftimie
Crin,Stancu
Barbu,Tabacu
Daria,Oprea
Ana,Ababei
Daniel,Niță
Amalia,Georgescu
Vasilica,Nistor
Frederic,Ardelean
Benone,Toma
Marin,Eftimie
Aurelian,Florea
Severina,Dumitrescu
Camelia,Ioniță
Andreea,Aanei
Albert,Tudor
Despina,Gheorghiu
Cantemir,Dinu
Larisa,Marin
Petre,Oprea
Dumitrana,Aanei
Andreea,Nistor
Jasmina,Marin
Romeo,Toma
Zenovia,Nemeș
Claudiu,Eftimie
Frusina,Dobre
Astrid,Albu
Evelina,Ionescu
Astrid,Cristea
Dorli,Tomescu
Semenica,Tudor
Mărioara,Ionescu
Damian,Tabacu
Ortansa,Florea
Viorel,Dumitrescu
Petru,Tomescu
Jan,Aanei
Amelia,Popescu
Eufrosina,Aanei
Grațiana,Ardelean
Costache,Ionescu
Arian,Popescu
Ioanina,Eftimie
Albert,Stoica
Lili,Dima
Melania,Voinea
Dorel,Dumitrescu
Dorian,Georgescu
Norbert,Ababei
Luca,Pop
Robert,Voinea
Anuța,Ene
Lucențiu,Dochioiu
Gregorian,Suciu
Anca,Preda
Florina,Diaconu
Dumitru,Tudor
Damian,Albu
Anuța,Popescu
Nechifor,Stancu
Miron,Ardelean
Crenguța,Stoica
Relu,Tudor
Viorel,Popa
Marin,Toma
Astrid,Oprea
Sorin,Aanei
Anghel,Nistor
Aristița,Stan
Camil,Suciu
Varvara,Florea
Dacian,Mocanu
Corina,Pușcașu
Emilia,Stoica
Lucia,Florea
Cristea,Stoica
Vlădelina,Popa
Andra,Dinu
Eufrosina,Stoica
Saveta,Dumitrescu
Roberta,Pop
Saveta,Aanei
Catrina,Ionescu
Daniel,Pop
Nadia,Toma
Stan,Diaconescu
Avram,Toma
Felicia,Cristea
Letiția,Cristea
Frusina,Popa
Gică,Dinu
Marcu,Ioniță
Teona,Stănescu
Eliza,Nistor
Andreea,Oprea
Mihaela,Albu
Eustațiu,Albu
Geanina,Tudor
Salomea,Stoica
Rodica,Toma
Raluca,Stancu
Paula,Ene
Simion,Marin
Visarion,Tabacu
Olimpiu,Manole
Lidia,Popa
Sergiu,Ababei
Anastasia,Aanei
Silvian,Nistor
Crina,Toma
Ionelia,Toma
Constantina,Ionescu
Răducu,Niță
Dafina,Ababei
Petronela,Ardelean
Iolanda,Mocanu
Casandra,Popa
Fabiana,Pușcașu
Doina,Cristea
Luca,Dinu
Olivia,Stan
Dora,Nistor
Gregorian,Pușcașu
Lucențiu,Tabacu
Eliana,Suciu
Anuța,Barbu
Eusebia,Manole
Ioana,Dobre
Titus,Ardelean
Călin,Gheorghiu
Cătălina,Popa
Ariana,Popescu
Florica,Nistor
Narcis,Nemeș
Catrinel,Nistor
Eugenia,Tabacu
Evelina,Stoica
Bebe,Ardelean
Leontin,Mazilescu
Relu,Nistor
Voicu,Dima
Amanda,Georgescu
Cătălin,Dochioiu
Bogdan,Pușcașu
Ionică,Eftimie
Dana,Dinu
Dimitrina,Diaconu
Gabriela,Ababei
Cătălin,Eftimie
Robert,Ioniță
Alexandra,Pop
Floare,Aanei
Didina,Oprea
Aurelia,Mocanu
Mitică,Suciu
Severina,Popa
Ioanina,Ardelean
Coralia,Mazilescu
Cerasela,Stan
Eleonora,Ene
Adriana,Barbu
Florian,Gheorghiu
Gabriela,Voinea
Ieremia,Marin
Aleodor,Mocanu
Aurica,Gheorghiu
Dorel,Pop
Leopoldina,Stănescu
Grațian,Niță
Doru,Aanei
Ieremia,Dochioiu
Vera,Dinu
Caterina,Barbu
Dorin,Nistor
Elisabeta,Stănescu
Ilinca,Aanei
Natalia,Florea
Gelu,Dinu
Alexandrina,Gheorghiu
Dacian,Cristea
Francesca,Stoica
Alexandru,Oprea
Tudorița,Dumitrescu
Iosefina,Aanei
Doru,Voinea
Alexe,Eftimie
Venera,Preda
Dumitra,Dobre
George,Tabacu
Aristide,Eftimie
Daciana,Eftimie
Nicodim,Niță
Janina,Ene
Iosefina,Stănescu
Nae,Dima
Raluca,Barbu
Olivia,Ababei
Jean,Stănescu
Maxim,Gheorghiu
Sabrina,Florea
Fabian,Mocanu
Dariana,Diaconescu
Teodor,Dinu
Ionel,Cristea
Amanda,Marin
Frusina,Dumitrescu
Severina,Gheorghiu
Iosif,Ioniță
Leana,Mazilescu
Marcela,Popescu
Visarion,Mazilescu
Visarion,Stoica
Viorela,Toma
Relu,Nistor
Claudia,Stan
Paulica,Dima
Tiberiu,Georgescu
Matilda,Dima
Henrieta,Niță
Florea,Florea
Irina,Ababei
Camil,Ardelean
Georgeta,Voinea
Teofil,Dobre
Liviu,Niță
Georgiana,Stoica
Iuliu,Tomescu
Mara,Mocanu
Nidia,Dochioiu
Horațiu,Dumitrescu
Matei,Aanei
Gianina,Nemeș
Codruța,Dobre
Crenguța,Gheorghiu
Marina,Voinea
Rafila,Gheorghiu
Codin,Albu
Marcel,Florea
Stan,Preda
Costache,Tudor
Eustațiu,Stoica
Stan,Stoica
Iurie,Eftimie
Doriana,Ene
Suzana,Stoica
Sever,Dumitrescu
Ilie,Manole
Romanița,Mazilescu
Valter,Diaconu
Laurenția,Stancu
Silviana,Popescu
Ionuț,Tomescu
Marin,Florea
Agripina,Preda
Ilona,Mocanu
Ștefana,Albu
Rodica,Eftimie
Martin,Mazilescu
Toma,Dumitrescu
Valeria,Oprea
Izabela,Toma
Silviana,Niță
Nichifor,Aanei
Mărioara,Stancu
Șerban,Ababei
Filip,Pușcașu
Georgian,Oprea
Alexandru,Mocanu
Silvia,Aanei
Saveta,Dobre
Alexandru,Georgescu
Jan,Barbu
Petruț,Ene
Ada,Albu
Ludovica,Ene
Vicențiu,Georgescu
Petru,Voinea
Constantina,Pop
Marta,Preda
Nicodim,Preda
Eufrosina,Tabacu
Lia,Marin
Teodor,Preda
Larisa,Nemeș
Iustinian,Ene
Tatiana,Ionescu
Relu,Ionescu
Alberta,Nistor
Ieremia,Dobre
Pătru,Stan
Vicenția,Nemeș
Ica,Eftimie
Svetlana,Dumitrescu
Zenovia,Popa
Liana,Eftimie
Sever,Stoica
Eusebiu,Niță
Teohari,Aanei
Gică,Nistor
Patricia,Manole
Sidonia,Tudor
Emanuela,Ioniță
Haralamb,Voinea
Robertina,Stancu
Viorel,Dochioiu
Cazimir,Popa
Ozana,Mocanu
Aristița,Manole
David,Georgescu
Tincuța,Diaconu
Angela,Niță
Heracleea,Dobre
Lia,Stancu
Timotei,Ioniță
Bartolomeu,Aanei
David,Tudor
Veronica,Pop
Petre,Ardelean
Sorin,Marin
Raluca,Albu
Georgia,Tomescu
Luana,Barbu
Aurică,Popa
Sorin,Barbu
Ludovica,Florea
Cătălin,Cristea
Marian,Ene
Cezara,Diaconescu
Viorel,Manole
Gică,Dinu
Cosmin,Aanei
Sandu,Stănescu
Doriana,Ardelean
Sever,Pușcașu
Haralamb,Nistor
Timea,Mocanu
Edgar,Georgescu
Dacian,Tomescu
Doru,Dobre
Claudiu,Albu
Ducu,Ababei
Ica,Nistor
Valter,Tabacu
Daria,Marin
Dorina,Dumitrescu
Eusebia,Nistor
Bogdana,Ardelean
Relu,Nistor
Panait,Mocanu
Petronela,Stănescu
Fabian,Popescu
Silviu,Tomescu
Iuliu,Nistor
Semenica,Preda
Flora,Voinea
Flavia,Ioniță
Carmen,Aanei
Voicu,Dobre
Leordean,Ene
Jana,Dinu
Alex,Ardelean
Codin,Voinea
Ariadna,Suciu
Petre,Dochioiu
Geanina,Mocanu
Flavia,Ardelean
Teona,Cristea
Marcela,Toma
Pamela,Marin
Mădălin,Georgescu
Axinte,Ene
Demetra,Stan
Lorelei,Ababei
Călin,Ionescu
Niculiță,Nistor
Sofia,Nemeș
Leontin,Stan
Flaviu,Nistor
Casandra,Oprea
Petrică,Voinea
Antoniu,Ababei
Consuela,Dinu
Vincențiu,Popescu
Martin,Tudor
Xenia,Barbu
Mitruț,Marin
Marcu,Stancu
Gabi,Suciu
Pamfil,Dinu
Codin,Albu
Flora,Marin
Gelu,Pop
Marinela,Suciu
Ștefana,Suciu
Iuliana,Barbu
Leordean,Dumitrescu
Bănel,Mazilescu
Virginia,Popescu
Cristofor,Barbu
Celia,Ionescu
Ariana,Ababei
Ortansa,Popescu
Barbu,Ioniță
Janina,Diaconu
Bănel,Pușcașu
Voichița,Ioniță
Carmen,Pușcașu
Ovidiu,Ionescu
Mădălin,Nistor
Dimitrina,Tomescu
Doina,Dinu
Aureliana,Preda
Rodica,Oprea
Lazăr,Stancu
Mirela,Mazilescu
Gheorghe,Eftimie
Leontin,Ionescu
Diana,Diaconescu
Erica,Pușcașu
Cornelia,Preda
Albert,Barbu
Andra,Georgescu
Ionelia,Dima
Giorgian,Stoica
Maximilian,Popa
Felix,Dobre
Teodora,Toma
Sorina,Tomescu
Gică,Tomescu
Lelia,Gheorghiu
Raul,Ababei
Fabiana,Nemeș
Andrian,Popa
Mirona,Marin
Lucia,Popescu
Diana,Preda
Catrinel,Nistor
Natalia,Pop
Mircea,Stan
Carina,Ionescu
Marinela,Stoica
Martin,Dobre
Măriuca,Albu
Viviana,Eftimie
Pamela,Tudor
Raul,Mazilescu
Janina,Florea
Ion,Dochioiu
Florin,Dinu
Bebe,Ene
Maxim,Cristea
Adela,Dima
Pamfil,Voinea
Olga,Gheorghiu
Tudorița,Stănescu
Emanuel,Albu
Andrei,Stan
Sandu,Nistor
Paula,Georgescu
Sandu,Popescu
Mădălina,Nistor
Bănel,Ardelean
Floarea,Ardelean
Ieremia,Dinu
Simi,Manole
Ivan,Popa
Vanesa,Stan
Adina,Suciu
Carmen,Barbu
Aida,Dochioiu
Miruna,Marin
Eugenia,Dobre
Panait,Ene
Severin,Diaconescu
Adelin,Aanei
Mitruț,Mazilescu
Lelia,Albu
Milena,Ene
Sebastian,Nistor
Ioan,Barbu
Ioan,Popa
Emilian,Manole
Xenia,Dinu
Teodosia,Dochioiu
Sergiu,Mocanu
Smaranda,Dobre
Ana,Barbu
Lidia,Eftimie
Dorli,Ababei
Stanca,Cristea
Natașa,Toma
Zamfira,Dochioiu
Dorin,Tomescu
Alina,Tabacu
Maximilian,Dumitrescu
Livia,Cristea
Grigore,Florea
Dorian,Cristea
Margareta,Nemeș
Albert,Dobre
Georgel,Georgescu
Simi,Nemeș
Norica,Stancu
Inocențiu,Stănescu
Gabriela,Ardelean
Octavia,Diaconescu
Todor,Ababei
Zoe,Voinea
Liviu,Aanei
Ruxandra,Barbu
Florentin,Dima
Ioanina,Diaconu
Roberta,Popa
Leontina,Barbu
Miruna,Ioniță
Diana,Toma
Valeriu,Stan
Radu,Diaconescu
Flora,Dumitrescu
Mircea,Marin
Mihaela,Tudor
Dimitrina,Niță
Corvin,Toma
Camil,Cristea
Costin,Cristea
Stana,Mazilescu
Lucrețiu,Dumitrescu
Iuliana,Stan
Gabriel,Tomescu
Manole,Barbu
Leopoldina,Voinea
Flaviu,Aanei
Nadia,Tudor
Ionelia,Popa
Grigore,Marin
Anica,Georgescu
Vlad,Mazilescu
Julieta,Ionescu
Dumitru,Albu
Sonia,Pușcașu
Daciana,Dochioiu
Vasilică,Stancu
Dariana,Ionescu
Horea,Nistor
Cerasela,Cristea
Pavel,Diaconu
Nechifor,Aanei
Ada,Aanei
Lorin,Diaconescu
Marcu,Pop
Adonis,Albu
Georgeta,Aanei
Ada,Marin
Anastasia,Tomescu
Patricia,Ene
Giorgiana,Tomescu
Janeta,Eftimie
Victor,Gheorghiu
Tiberiu,Diaconu
Alida,Voinea
Dana,Stan
Amalia,Ionescu
Speranța,Pop
Sofia,Dobre
Codruța,Ene
Gabi,Diaconu
Leontina,Pușcașu
Ionelia,Dinu
Simi,Gheorghiu
Artemisa,Georgescu
Bernard,Tudor
Venera,Popa
Stanca,Dochioiu
Sergiu,Voinea
Suzana,Diaconescu
Eusebiu,Eftimie
Alistar,Albu
Fabia,Aanei
Iosefina,Nemeș
Heracleea,Pușcașu
Florina,Stan
Corina,Diaconescu
Dumitrana,Diaconu
Amanda,Pușcașu
Izabela,Tudor
Bartolomeu,Diaconescu
Iustinian,Dima
Venera,Nemeș
Ion,Pușcașu
Anemona,Ardelean
Eduard,Dochioiu
Zenobia,Pușcașu
Venera,Dochioiu
Ernest,Diaconescu
Achim,Pop
Daciana,Voinea
Tamara,Albu
Minodora,Manole
Carina,Voinea
Roxana,Tudor
Teohari,Nistor
Iustinian,Barbu
Tatiana,Ababei
Florina,Ionescu
Mara,Manole
Maia,Albu
Eleonora,Manole
Codruța,Pușcașu
Aristide,Pușcașu
Leordean,Diaconu
Amanda,Dima
Ruxandra,Popa
Petru,Toma
Eustațiu,Tomescu
Andrada,Stancu
Nicoară,Pușcașu
Ștefana,Cristea
Teohari,Oprea
Doina,Dima
Grațian,Voinea
Smaranda,Preda
Mirela,Florea
Dumitrana,Preda
Hortensia,Florea
Vladimir,Manole
Daniel,Popa
Henrieta,Ene
Vasilica,Stoica
Nidia,Pop
Alis,Ene
Alex,Suciu
Georgiana,Ioniță
Viviana,Voinea
Lucreția,Diaconescu
Vicenția,Barbu
Angela,Toma
Despina,Ionescu
Catrina,Pușcașu
Stanca,Ardelean
Mugurel,Florea
Flaviu,Suciu
Norbert,Pop
Luciana,Stănescu
Adelina,Stan
Valentina,Barbu
Cornel,Diaconescu
Vicenția,Nemeș
Codruț,Barbu
Valeria,Voinea
Grațian,Mazilescu
Ariana,Diaconescu
Victor,Popescu
Veniamin,Suciu
Alma,Stan
Teofil,Barbu
Georgiana,Dumitrescu
Antim,Stan
Jan,Pușcașu
Remus,Stan
Gherghina,Eftimie
Cristofor,Toma
Gelu,Nistor
Eremia,Dobre
Mugurel,Mazilescu
Luana,Popescu
Petruț,Niță
Natașa,Georgescu
Geanina,Tabacu
Raul,Cristea
Xenia,Stoica
Ciprian,Niță
Horațiu,Stoica
Elodia,Ionescu
Miron,Gheorghiu
Carmina,Pușcașu
Maricica,Preda
Corneliu,Cristea
Artemisa,Stănescu
Tiberia,Suciu
Nichifor,Dobre
Laura,Aanei
Victor,Ababei
Florin,Nistor
Veniamin,Tomescu
Octavia,Georgescu
Simona,Manole
Alexandru,Diaconu
Mirela,Mocanu
Aureliana,Stan
Vera,Stoica
Pompiliu,Ene
Iosefina,Popa
Raul,Diaconu
Alex,Florea
Amalia,Dinu
Iosefina,Toma
Luciana,Pușcașu
Anca,Dobre
Didina,Tabacu
Constantina,Stănescu
Paula,Florea
Veta,Dobre
Horea,Dima
Felix,Cristea
Artemisa,Stoica
Elisaveta,Tomescu
Doina,Nistor
Tinca,Dumitrescu
Teodosia,Popa
Vlad,Dinu
Gică,Nistor
Izabela,Manole
Matei,Popa
Aurica,Stănescu
Aneta,Florea
Teona,Stancu
Doriana,Pușcașu
Ramona,Mazilescu
Loredana,Tudor
Demetra,Albu
Adelaida,Ababei
Vicenția,Dima
Andra,Gheorghiu
Bogdana,Stănescu
Dorel,Florea
Corvin,Stoica
Dora,Manole
Amanda,Dobre
Rafael,Ionescu
Damian,Tabacu
Dalia,Dinu
Iuliana,Niță
Laurențiu,Manole
Dorli,Tomescu
Sandu,Georgescu
Pamela,Nemeș
Gina,Mazilescu
Catinca,Cristea
Daniela,Dima
Vladimir,Oprea
Giorgian,Cristea
Grigore,Suciu
Ligia,Aanei
Nidia,Voinea
Mărioara,Nistor
Eusebiu,Ionescu
Costin,Oprea
Zenovia,Marin
Dora,Barbu
Emilia,Diaconu
Dorinel,Eftimie
Alina,Stancu
Lucreția,Mazilescu
Veta,Gheorghiu
Vera,Nistor
Claudia,Pușcașu
Beatrice,Stoica
Tamara,Marin
Narcis,Aanei
Catinca,Diaconescu
Ozana,Barbu
Adelin,Ababei
Cristofor,Ene
Rada,Aanei
Grațiana,Tomescu
Ștefania,Popa
Silvia,Nistor
Vasilica,Stan
Aristide,Popa
Horea,Gheorghiu
Nicolae,Marin
Catinca,Ionescu
Lascăr,Ababei
Sebastian,Dochioiu
Mihai,Suciu
Lili,Popa
Achim,Oprea
Angel,Ababei
Floare,Ioniță
Betina,Mazilescu
Sidonia,Tabacu
Zaharia,Nistor
Lucențiu,Georgescu
Roxana,Gheorghiu
Marcela,Preda
Amelia,Pop
Nelu,Albu
Vlad,Barbu
Anamaria,Ionescu
Codruța,Manole
Julia,Diaconescu
Dana,Nemeș
Dafina,Mazilescu
Lascăr,Dinu
Florentina,Pop
Anatolie,Pușcașu
Codrina,Dochioiu
Codin,Niță
Axinte,Diaconu
Paraschiva,Cristea
Anaida,Stan
Dacian,Pop
Cătălina,Ioniță
Tiberia,Mazilescu
Valter,Stoica
Coralia,Georgescu
Brăduț,Marin
Nelu,Dinu
Veniamin,Suciu
Vladimir,Stoica
Dochia,Tabacu
Eustațiu,Dima
Lelia,Dumitrescu
Horea,Gheorghiu
Adi,Popescu
Gheorghiță,Toma
Alina,Ardelean
Elodia,Stan
Bartolomeu,Toma
Catrinel,Suciu
Laura,Suciu
Flavia,Popescu
Lăcrămioara,Niță
Maximilian,Mazilescu
Gina,Dobre
Ivona,Dobre
Aura,Marin
Emil,Tudor
Nae,Albu
Loredana,Toma
Florentina,Dima
Adelaida,Preda
Augustin,Preda
Floare,Ionescu
Clara,Stănescu
Amalia,Dima
Valter,Dinu
Bănel,Pușcașu
Cătălin,Ababei
Carla,Stan
Julieta,Nistor
Marcela,Stoica
Axenia,Pușcașu
Florina,Diaconu
Nicușor,Florea
Ivan,Niță
Ludovic,Manole
Sorin,Stancu
Georgel,Stoica
Dan,Dochioiu
Elisabeta,Dobre
Corneliu,Florea
Aurelian,Stancu
Iuliana,Mazilescu
Adelin,Stoica
Alma,Diaconu
Sandu,Pop
Lucreția,Stănescu
Bănel,Dumitrescu
Valentin,Albu
Georgia,Tomescu
Jeana,Manole
Paulina,Nistor
Nicolaie,Dobre
Leana,Georgescu
Sorina,Ardelean
Romeo,Eftimie
Cornel,Ionescu
Anica,Dobre
Florentina,Georgescu
Carolina,Ardelean
Radu,Popescu
Octaviu,Nemeș
Marin,Ioniță
Romanița,Dobre
Relu,Voinea
Consuela,Pop
Iancu,Stoica
Antonela,Mazilescu
Alin,Popa
Theodor,Dumitrescu
Lăcrămioara,Dima
Eleonora,Mocanu
Axenia,Stoica
Carol,Suciu
Manuela,Georgescu
Nicodim,Dochioiu
Jasmina,Stoica
Rozalia,Manole
Iosif,Pop
Mioara,Florea
Camelia,Niță
Vincențiu,Voinea
Gențiana,Albu
Ancuța,Gheorghiu
Romeo,Preda
Tania,Dima
Atena,Suciu
Andrei,Tomescu
Minodora,Ardelean
Miron,Niță
Violeta,Georgescu
Sanda,Eftimie
Ionuț,Aanei
Alexe,Ardelean
Edgar,Oprea
Gabriela,Tomescu
Semenica,Pop
Simi,Voinea
Denisa,Mocanu
Haralambie,Pușcașu
Dominic,Pușcașu
Vincențiu,Ababei
Noemi,Aanei
Mirela,Diaconu
Petruț,Ene
Constanța,Stan
Cătălin,Nistor
Visarion,Tomescu
Norbert,Stoica
Oliviu,Mazilescu
Iurie,Ioniță
Lili,Tudor
Arian,Niță
Jana,Stănescu
Gelu,Manole
Ofelia,Popescu
Ștefana,Manole
Anuța,Suciu
Fabiana,Florea
Minodora,Diaconu
Silvia,Diaconescu
Adi,Nemeș
Bogdana,Albu
Ilona,Ababei
Anica,Georgescu
Liviu,Stancu
Profira,Marin
Cristina,Stancu
Lucia,Popescu
Lorelei,Cristea
Dina,Stănescu
Elvira,Manole
Elisaveta,Georgescu
Hortensia,Diaconu
Simi,Tabacu
Sanda,Nistor
Casian,Gheorghiu
Dida,Dochioiu
Antoaneta,Suciu
Gregorian,Diaconu
Nicoleta,Popa
Anamaria,Diaconu
Emilian,Dinu
Panait,Dobre
Tania,Suciu
Olimpiu,Manole
Natașa,Ardelean
Luca,Ene
Alberta,Ababei
Mugur,Dobre
Coralia,Oprea
Mitică,Manole
Bucur,Tudor
Titus,Marin
Smaranda,Pușcașu
Cornelia,Pop
Octav,Ionescu
Marcel,Stancu
Casiana,Ene
Zoe,Cristea
Henrieta,Stoica
Jeana,Stănescu
Elisaveta,Georgescu
Emanuela,Ioniță
Clara,Tudor
David,Niță
Cazimir,Nemeș
Saveta,Stoica
Valeria,Preda
Daiana,Georgescu
Ioan,Aanei
Traian,Diaconu
Ionuț,Barbu
Leordean,Cristea
Amalia,Tomescu
Celia,Dochioiu
Aurel,Dochioiu
Ovidiu,Preda
Horea,Nemeș
Corvin,Popa
Leontina,Tabacu
Eric,Oprea
Lavinia,Gheorghiu
Mugurel,Stan
Erica,Barbu
Xenia,Niță
Ducu,Tudor
Salomea,Diaconescu
Domnica,Tabacu
Betina,Gheorghiu
Denisa,Oprea
Laura,Niță
Elisaveta,Popa
Simi,Stan
Alistar,Barbu
Lică,Mazilescu
Zamfir,Albu
Iasmina,Stan
Zamfira,Dima
Casandra,Tomescu
Atena,Gheorghiu
Sidonia,Dinu
Roxelana,Nistor
Cantemir,Ababei
Visarion,Pop
Alex,Popa
Cazimir,Georgescu
Pamfil,Niță
Silvian,Tomescu
Ileana,Popa
Jasmina,Ardelean
Corvin,Ababei
Nicușor,Tomescu
Amalia,Pop
Olivia,Barbu
Ovidiu,Tudor
Sofia,Dumitrescu
Grigore,Mazilescu
Celia,Eftimie
Emanuela,Tabacu
Jean,Gheorghiu
Sanda,Ene
Romeo,Popa
Alexandru,Mocanu
Antim,Dumitrescu
Aleodor,Pușcașu
Veniamin,Ardelean
Viorela,Marin
Tamara,Mocanu
Delia,Ardelean
Gabriel,Eftimie
Claudiu,Mocanu
Eva,Dima
Nadia,Nemeș
Vasile,Nistor
Tania,Nistor
Denisa,Ene
Lorena,Eftimie
Răzvan,Stancu
David,Nistor
Smaranda,Stănescu
Daniela,Ionescu
Bartolomeu,Tomescu
Niculina,Voinea
Grațiana,Nistor
Pătru,Mocanu
Aurelian,Popescu
Petronela,Aanei
Flora,Stoica
Caterina,Georgescu
Axinte,Ionescu
Sabina,Dochioiu
Visarion,Dima
Traian,Popescu
Catrina,Pop
Dragoș,Ioniță
Iustinian,Gheorghiu
Cedrin,Popescu
Haralambie,Stoica
Rafila,Aanei
Teodor,Albu
Flaviu,Stoica
Nicu,Dobre
Iulia,Stoica
Edgar,Mocanu
Clementina,Nistor
Codruța,Voinea
Teea,Pop
Carolina,Dochioiu
Carol,Diaconescu
Veronica,Popescu
Dariana,Suciu
Sever,Toma
Dafina,Toma
Luciana,Georgescu
Gianina,Mocanu
Brăduț,Preda
Robertina,Ardelean
Natașa,Stănescu
Safta,Preda
Octaviu,Mocanu
Dalia,Eftimie
Beniamin,Tabacu
Beniamin,Nemeș
Ionică,Stoica
Petrică,Mocanu
Vlaicu,Popa
Carina,Georgescu
Antonela,Albu
Mirabela,Manole
Mugur,Dochioiu
Radu,Preda
Ecaterina,Dobre
Adrian,Stoica
Mugurel,Mazilescu
Titus,Florea
Sergiu,Pop
Darius,Ionescu
Lucrețiu,Eftimie
Svetlana,Toma
Ionela,Pușcașu
Florica,Tudor
Roberta,Dinu
Tiberiu,Albu
Francesca,Dinu
Janeta,Diaconu
Romulus,Voinea
Anghelina,Nemeș
Mihail,Mazilescu
Carolina,Gheorghiu
Xenia,Dobre
Dorinel,Tomescu
Hortensia,Voinea
Luana,Gheorghiu
Teodora,Oprea
Ludmila,Tudor
Cosmina,Ababei
Lucreția,Florea
Șerban,Nistor
Victor,Diaconescu
Mirona,Toma
Daniela,Toma
Georgia,Diaconu
Vasilica,Tomescu
Adelina,Oprea
Eugenia,Mocanu
Estera,Ardelean
Codin,Dima
Dana,Suciu
Petru,Tabacu
Salomea,Nemeș
Tiberiu,Albu
Ilona,Dima
Leontin,Stănescu
Marta,Stoica
Rafael,Dobre
Patricia,Ionescu
Ionela,Pușcașu
Ion,Stan
Andrian,Stancu
Emanuil,Stoica
Iosefina,Florea
Beatrice,Stoica
Cristofor,Stănescu
Ionică,Tomescu
Ieremia,Ene
Florentin,Ardelean
Mihaela,Popescu
Antim,Mazilescu
Miruna,Nemeș
Roxana,Nistor
Bogdana,Voinea
Bernard,Popa
Denisa,Dinu
Nae,Ene
Francesca,Dobre
Theodor,Pop
Aurica,Pop
Ioana,Albu
Bogdan,Ardelean
Lidia,Cristea
Caterina,Suciu
Dora,Pop
Eugenia,Suciu
Isabela,Cristea
Sorana,Cristea
Dafina,Ene
Melania,Gheorghiu
Eliana,Georgescu
Aurică,Popescu
Aglaia,Voinea
Nechifor,Ene
Marcheta,Tudor
Anabela,Suciu
Dina,Dumitrescu
Alberta,Popescu
Nicodim,Gheorghiu
Basarab,Diaconescu
Petruța,Ababei
Crenguța,Preda
Nicodim,Oprea
Matei,Pop
Steluța,Gheorghiu
Octaviana,Dobre
Consuela,Diaconu
Tiberia,Gheorghiu
Catinca,Niță
Vasilică,Aanei
Sânziana,Nemeș
Luiza,Oprea
Livia,Popa
Răzvan,Tudor
Decebal,Ene
Rebeca,Albu
Eftimia,Manole
Oana,Ioniță
Leontina,Diaconu
Petrișor,Ionescu
Rica,Tomescu
Florian,Florea
Brăduț,Toma
Cezar,Ardelean
Iosif,Nistor
Șerban,Aanei
Maxim,Stancu
Eustațiu,Eftimie
Ghenadie,Popa
Alexandrina,Dima
Vicenția,Popa
Daniela,Ene
Dacian,Albu
Panagachie,Gheorghiu
Aurelian,Toma
Corvin,Stănescu
Alistar,Suciu
Adelaida,Oprea
Ortansa,Voinea
Lazăr,Dochioiu
Agnos,Ababei
Aristița,Ene
Clara,Mazilescu
Anaida,Barbu
Cipriana,Nemeș
Severin,Ioniță
Bebe,Nemeș
Ioana,Tudor
Iacob,Stănescu
Florina,Mazilescu
Octaviu,Stan
Dina,Diaconescu
Izabela,Nemeș
Antoaneta,Diaconescu
Sofia,Cristea
Jana,Tudor
Mirabela,Florea
Larisa,Tudor
Iancu,Mocanu
Zeno,Albu
Vasilica,Nistor
Viorica,Tudor
Semenica,Tomescu
Amza,Stancu
Romulus,Stănescu
Leontin,Pop
Viviana,Ardelean
Anda,Stănescu
Vasilica,Stan
Alistar,Tabacu
Gherghina,Stan
Valeriu,Nistor
Lucreția,Dumitrescu
Gheorghiță,Stan
Aristița,Gheorghiu
Leontin,Oprea
Marin,Stănescu
Severin,Tomescu
Pamela,Ababei
Nicușor,Niță
Nelu,Dima
Corina,Stoica
Iacob,Stănescu
Alin,Ababei
Nechifor,Suciu
Milena,Dobre
Arina,Nistor
Eftimie,Popa
Octavian,Gheorghiu
Aneta,Niță
Draga,Toma
Ortansa,Florea
Melania,Dumitrescu
Sânziana,Dinu
Eva,Gheorghiu
Oana,Dobre
Ionică,Tabacu
Cazimir,Toma
Speranța,Stoica
Marga,Stan
Matei,Suciu
Diana,Popa
Eliza,Niță
Pătru,Eftimie
Sonia,Nemeș
Julieta,Pușcașu
Jana,Stancu
Carolina,Niță
Antonie,Tomescu
Ionică,Dima
Atena,Ionescu
Zenobia,Nistor
Aurelian,Ababei
Vasile,Nistor
Norbert,Nistor
Octaviana,Aanei
Bebe,Eftimie
Denisa,Mocanu
Domnica,Ababei
Brăduț,Nemeș
Marin,Pușcașu
Pătru,Popa
Iridenta,Manole
Ecaterina,Marin
Emilia,Albu
Geanina,Niță
Marcela,Stoica
Sorana,Ene
Mitruț,Popa
Violeta,Tudor
